dyad,MonthYear,event_count,goldstein_std,goldstein_min,num_mentions_sum,num_articles_sum,num_sources_sum,high_conflict_count,low_conflict_count,quad4_count,high_conflict_pct,low_conflict_pct,quad4_pct
CHN-JPN,201501,115,2.9702265264203898,-10.0,543,529,115,2,17,3.0,0.017391304347826,0.1478260869565217,0.0260869565217391
CHN-JPN,201502,1342,4.358883106039534,-10.0,6360,6303,1405,99,330,142.0,0.0737704918032786,0.2459016393442623,0.1058122205663189
CHN-JPN,201503,7929,3.8377973525875486,-10.0,35727,35260,8537,271,2030,407.0,0.0341783327027367,0.2560221969983604,0.0513305587085382
CHN-JPN,201504,6904,4.077461226216237,-10.0,31897,31518,7633,320,1783,501.0,0.0463499420625724,0.2582560834298957,0.0725666280417149
CHN-JPN,201505,5125,4.444714093005009,-10.0,22334,22019,5374,335,1416,482.0,0.0653658536585365,0.2762926829268293,0.0940487804878048
CHN-JPN,201506,5552,4.225468426688695,-10.0,24224,23946,6041,239,1650,449.0,0.0430475504322766,0.2971902017291066,0.080871757925072
CHN-JPN,201507,7571,4.2297634812065175,-10.0,36274,35654,7963,388,2696,581.0,0.0512481838594637,0.3560956280544182,0.0767401928411042
CHN-JPN,201508,8838,4.653007665356072,-10.0,41840,41118,9221,759,2873,1061.0,0.0858791581805838,0.3250735460511428,0.1200497850192351
CHN-JPN,201509,7832,4.544743211337078,-10.0,39203,37833,8079,589,2806,942.0,0.0752042900919305,0.3582737487231869,0.1202757916241062
CHN-JPN,201510,7710,4.100954421964609,-10.0,34695,34162,8280,327,2159,759.0,0.0424124513618677,0.2800259403372244,0.0984435797665369
CHN-JPN,201511,6719,3.771689831117466,-10.0,29046,28455,7097,188,1477,374.0,0.0279803542193778,0.219824378627772,0.0556630450959964
CHN-JPN,201512,4358,4.351091715439886,-10.0,20365,19939,4502,210,1477,472.0,0.0481872418540614,0.3389169343735658,0.1083065626434144
CHN-JPN,201601,3908,4.279251770094644,-10.0,17176,16671,4043,180,1126,316.0,0.0460593654042988,0.2881269191402252,0.0808597748208802
CHN-JPN,201602,3218,4.320041071590262,-10.0,14026,13770,3437,145,950,273.0,0.0450590428837787,0.2952144188937228,0.0848353014294592
CHN-JPN,201603,3900,4.18033852816842,-10.0,17700,17418,4160,161,1191,264.0,0.0412820512820512,0.3053846153846153,0.0676923076923076
CHN-JPN,201604,5669,3.879658320901878,-10.0,24885,24477,6004,169,1564,372.0,0.0298112541894514,0.2758863997177633,0.0656200388075498
CHN-JPN,201605,5277,4.044938005541669,-10.0,22350,21889,5526,299,1513,398.0,0.0566609816183437,0.2867159370854652,0.0754216410839492
CHN-JPN,201606,5853,4.145050685019412,-10.0,26104,25317,6144,216,2415,367.0,0.0369041517170681,0.4126089185033316,0.0627028874081667
CHN-JPN,201607,6018,4.126432734308847,-10.0,26073,25362,6391,284,2140,477.0,0.0471917580591558,0.3555998670654702,0.0792622133599202
CHN-JPN,201608,11583,4.079455366308507,-10.0,53866,52718,12415,393,4452,600.0,0.0339290339290339,0.3843563843563843,0.0518000518000518
CHN-JPN,201609,6997,4.243053058299111,-10.0,29243,28684,7320,301,2272,583.0,0.043018436472774,0.3247105902529655,0.0833214234672002
CHN-JPN,201610,5279,3.96063696228141,-10.0,20732,20520,5542,209,1381,281.0,0.0395908315968933,0.261602576245501,0.0532297783671149
CHN-JPN,201611,4943,4.338205339807732,-10.0,21902,21194,5217,272,1328,407.0,0.0550273113493829,0.2686627554116933,0.0823386607323487
CHN-JPN,201612,5883,4.411966927137791,-10.0,26535,25638,6317,408,1961,632.0,0.0693523712391637,0.3333333333333333,0.107428182899881
CHN-JPN,201701,4841,4.699532185628181,-10.0,19341,18977,5051,457,1504,601.0,0.0944019830613509,0.3106796116504854,0.1241479033257591
CHN-JPN,201702,4518,3.940759456445756,-10.0,17765,17387,4724,170,1553,291.0,0.0376272687029659,0.3437361664453298,0.0644090305444887
CHN-JPN,201703,5991,4.257509310080513,-10.0,23424,23017,6451,313,1552,530.0,0.0522450342179936,0.2590552495409781,0.0884660323819061
CHN-JPN,201704,4707,4.1207647272836025,-10.0,17934,17606,5043,205,1177,352.0,0.0435521563628638,0.2500531123858083,0.0747822392181856
CHN-JPN,201705,5158,4.069531109724394,-10.0,23696,22929,5669,197,1380,405.0,0.0381930981000387,0.2675455602946878,0.0785188057386584
CHN-JPN,201706,3197,4.235017934332061,-10.0,13608,13137,3300,145,773,311.0,0.0453550203315608,0.2417891773537691,0.0972786987801063
CHN-JPN,201707,4987,4.240183011761293,-10.0,20168,19659,5261,230,1436,538.0,0.0461199117706035,0.2879486665329858,0.1078804892721074
CHN-JPN,201708,4922,4.385855362872178,-10.0,21078,20640,5152,329,1454,517.0,0.0668427468508736,0.2954083705810646,0.1050386021942299
CHN-JPN,201709,4703,4.093019840630227,-10.0,19685,19273,4970,209,1316,409.0,0.0444397193280884,0.2798213906017435,0.0869657665320008
CHN-JPN,201710,3477,3.919787991866056,-10.0,12916,12683,3636,158,747,235.0,0.0454414725337935,0.2148403796376186,0.0675870002876042
CHN-JPN,201711,5688,3.760204192076988,-10.0,20714,20361,5933,247,847,332.0,0.0434247538677918,0.1489099859353023,0.0583684950773558
CHN-JPN,201712,4043,4.806027019268162,-10.0,17441,16929,4185,395,956,526.0,0.0976997279248083,0.2364580756863715,0.1301014098441751
CHN-JPN,201801,5011,4.0419034032205925,-10.0,20885,20274,5348,198,1294,308.0,0.0395130712432648,0.2582318898423468,0.061464777489523
CHN-JPN,201802,2059,4.304230110827117,-10.0,8883,8737,2115,101,632,187.0,0.0490529383195726,0.3069451189898008,0.0908207867897037
CHN-JPN,201803,3680,3.696204629598025,-10.0,15190,14772,3993,116,727,169.0,0.0315217391304347,0.1975543478260869,0.0459239130434782
CHN-JPN,201804,5206,3.933785915241484,-10.0,21995,21261,5494,182,1075,336.0,0.0349596619285439,0.2064925086438724,0.0645409143296196
CHN-JPN,201805,7028,3.2676175205588764,-10.0,31834,30774,7582,134,1083,309.0,0.0190665907797381,0.1540978941377347,0.0439669891861126
CHN-JPN,201806,3431,3.912451840378335,-10.0,13146,12951,3501,141,620,241.0,0.0410958904109589,0.1807053337219469,0.0702419119790148
CHN-JPN,201807,3242,4.177931268518638,-10.0,13747,13513,3467,160,798,309.0,0.0493522516964836,0.2461443553362122,0.095311536088834
CHN-JPN,201808,4234,4.054932198490979,-10.0,18564,17908,4526,176,929,274.0,0.0415682569674067,0.2194142654700047,0.064714218233349
CHN-JPN,201809,3687,3.947753812941763,-10.0,15192,14896,3777,118,854,228.0,0.0320043395714673,0.231624627068077,0.0618388934092758
CHN-JPN,201810,8812,3.436873370090257,-10.0,37983,37213,9411,161,1563,294.0,0.018270540172492,0.1773717657739446,0.0333635950975941
CHN-JPN,201811,3976,3.850979920146015,-10.0,16014,15815,4210,133,827,221.0,0.0334507042253521,0.2079979879275653,0.0555835010060362
CHN-JPN,201812,3545,4.559239203454744,-10.0,15198,14848,3694,238,1191,591.0,0.0671368124118476,0.3359661495063469,0.1667136812411847
CHN-JPN,201901,2277,4.360947210034051,-10.0,8761,8639,2366,126,604,220.0,0.0553359683794466,0.2652613087395696,0.0966183574879227
CHN-JPN,201902,2405,4.241136037163164,-10.0,9852,9657,2454,157,539,232.0,0.0652806652806652,0.2241164241164241,0.0964656964656964
CHN-JPN,201903,2019,4.246293448395765,-10.0,8570,8463,2059,101,490,172.0,0.0500247647350173,0.242694403169886,0.0851906884596334
CHN-JPN,201904,3997,3.704175136124548,-10.0,16636,16303,4279,111,697,217.0,0.0277708281210908,0.1743807855891919,0.0542907180385289
CHN-JPN,201905,4368,3.974858742911693,-10.0,18325,17933,4627,151,964,373.0,0.034569597069597,0.2206959706959707,0.0853937728937729
CHN-JPN,201906,8637,3.3603090956145367,-10.0,33950,33568,9512,127,1232,313.0,0.0147041796920226,0.1426421211068658,0.0362394349890008
CHN-JPN,201907,4218,3.807272724912757,-10.0,18007,17749,4400,131,847,247.0,0.0310573731626363,0.2008060692271218,0.0585585585585585
CHN-JPN,201908,4427,3.680873197410037,-10.0,18827,18395,4652,104,854,216.0,0.0234922069121301,0.1929071606053761,0.0487915066636548
CHN-JPN,201909,2425,4.480687890487822,-10.0,10665,10518,2550,173,475,239.0,0.071340206185567,0.1958762886597938,0.0985567010309278
CHN-JPN,201910,2750,4.073175467961575,-10.0,11505,11445,2846,109,542,232.0,0.0396363636363636,0.1970909090909091,0.0843636363636363
CHN-JPN,201911,3599,3.993737885440479,-10.0,15274,14976,3701,91,783,363.0,0.0252848013337038,0.2175604334537371,0.1008613503751042
CHN-JPN,201912,5416,4.271683279230281,-10.0,25411,24579,5892,326,832,536.0,0.0601920236336779,0.1536189069423929,0.0989660265878877
CHN-JPN,202001,5209,3.9964624242488913,-10.0,23939,23635,5692,134,1359,878.0,0.0257247072374736,0.2608946054904972,0.1685544250335957
CHN-JPN,202002,5785,4.002367502832834,-10.0,27069,26740,6238,180,1589,1044.0,0.031114952463267,0.2746758859118409,0.180466724286949
CHN-JPN,202003,3864,4.3068040076594185,-10.0,17079,16873,4064,215,924,577.0,0.0556418219461697,0.2391304347826087,0.1493271221532091
CHN-JPN,202004,2078,4.33773713750624,-10.0,9159,9001,2104,115,569,212.0,0.0553416746871992,0.2738209817131857,0.1020211742059672
CHN-JPN,202005,2272,4.3802220001722985,-10.0,9494,9356,2377,123,667,217.0,0.0541373239436619,0.2935739436619718,0.0955105633802816
CHN-JPN,202006,2937,4.294953371506354,-10.0,12502,12226,3234,199,942,256.0,0.0677562138236295,0.3207354443309499,0.0871637725570309
CHN-JPN,202007,3076,4.429877109890123,-10.0,13627,13506,3207,153,1178,278.0,0.0497399219765929,0.38296488946684,0.0903771131339401
CHN-JPN,202008,2263,4.647109859550627,-10.0,9008,8953,2318,151,718,236.0,0.0667255855059655,0.3172779496243924,0.1042863455589925
CHN-JPN,202009,2818,4.349489064428588,-10.0,11836,11731,2938,156,804,259.0,0.0553584102200141,0.2853087295954578,0.0919091554293825
CHN-JPN,202010,2449,3.957769008322253,-10.0,9514,9425,2628,104,873,197.0,0.0424663127807268,0.356472029399755,0.0804409963250306
CHN-JPN,202011,2919,3.921267147829525,-10.0,12315,12070,3157,76,556,147.0,0.0260363138060979,0.1904761904761904,0.0503597122302158
CHN-JPN,202012,2280,4.101853104008204,-10.0,9731,9558,2346,88,664,164.0,0.0385964912280701,0.2912280701754386,0.0719298245614035
CHN-JPN,202101,1661,4.608526569721737,-10.0,6855,6842,1754,88,514,161.0,0.0529801324503311,0.3094521372667068,0.0969295605057194
CHN-JPN,202102,1755,4.366999552621996,-10.0,7516,7471,1817,103,599,163.0,0.0586894586894586,0.3413105413105413,0.0928774928774928
CHN-JPN,202103,3778,3.962500938642536,-10.0,14592,14505,4122,138,1312,231.0,0.0365272631021704,0.3472736897829539,0.0611434621492853
CHN-JPN,202104,4138,4.055319375862964,-10.0,18761,18432,4286,106,1772,213.0,0.0256162397293378,0.4282261962300628,0.0514741420976317
CHN-JPN,202105,1765,4.560820534905592,-10.0,7654,7563,1819,106,706,189.0,0.060056657223796,0.4,0.1070821529745042
CHN-JPN,202106,1924,4.451634112440064,-10.0,8007,7926,1995,84,813,164.0,0.0436590436590436,0.4225571725571725,0.0852390852390852
CHN-JPN,202107,2102,4.343277388384315,-10.0,8945,8822,2227,95,895,217.0,0.0451950523311132,0.4257849666983825,0.1032350142721217
CHN-JPN,202108,1474,4.68383209841268,-10.0,5907,5848,1518,106,508,153.0,0.0719131614654002,0.344640434192673,0.1037991858887381
CHN-JPN,202109,2293,4.512812030846495,-10.0,9483,9426,2426,127,734,224.0,0.0553859572612298,0.3201046663759267,0.0976886175316179
CHN-JPN,202110,2137,4.580747015838352,-10.0,9464,9360,2237,112,741,252.0,0.0524099204492278,0.346747777257838,0.1179223210107627
CHN-JPN,202111,1955,4.446906354250579,-10.0,8195,8164,2064,90,592,179.0,0.0460358056265984,0.3028132992327366,0.0915601023017902
CHN-JPN,202112,2400,4.417398206252463,-10.0,10287,10162,2540,129,843,207.0,0.05375,0.35125,0.08625
CHN-JPN,202201,1749,4.696551284024039,-10.0,7538,7522,1789,101,571,153.0,0.0577472841623785,0.3264722698684962,0.0874785591766723
CHN-JPN,202202,1386,4.7649123697815,-10.0,6266,6144,1430,85,519,186.0,0.0613275613275613,0.3744588744588744,0.1341991341991342
CHN-JPN,202203,1458,4.3509168181185895,-10.0,6234,6124,1569,86,463,147.0,0.0589849108367626,0.3175582990397805,0.1008230452674897
CHN-JPN,202204,1797,4.599615301617025,-10.0,7456,7303,1928,172,605,207.0,0.0957150806900389,0.3366722314969393,0.1151919866444073
CHN-JPN,202205,3068,4.325774951415263,-10.0,12998,12870,3223,183,1092,292.0,0.0596479791395045,0.3559322033898305,0.0951760104302477
CHN-JPN,202206,1784,4.287061152157063,-10.0,7566,7509,1881,77,669,149.0,0.0431614349775784,0.375,0.0835201793721973
CHN-JPN,202207,2803,4.407928719333728,-10.0,11961,11898,2942,186,972,280.0,0.0663574741348555,0.3467713164466643,0.0998929718159115
CHN-JPN,202208,4269,5.098322837665113,-10.0,20676,20394,4817,632,1738,896.0,0.1480440384164909,0.4071211056453502,0.2098852190208479
CHN-JPN,202209,2909,4.431797849895871,-10.0,12241,11943,3009,186,910,337.0,0.0639394981093159,0.3128222756961155,0.1158473702303197
CHN-JPN,202210,1648,4.514634144060744,-10.0,7444,7203,1688,95,546,166.0,0.0576456310679611,0.3313106796116505,0.1007281553398058
CHN-JPN,202211,2446,4.086346540079761,-10.0,11260,10950,2516,124,602,180.0,0.0506950122649223,0.2461161079313164,0.0735895339329517
CHN-JPN,202212,2851,4.5084408011440384,-10.0,12988,12775,3006,204,1080,361.0,0.0715538407576289,0.3788144510698,0.1266222378112942
CHN-JPN,202301,2819,4.173195131555064,-10.0,13115,12868,2976,107,1101,240.0,0.0379567222419297,0.3905640297978006,0.0851365732529265
CHN-JPN,202302,2226,4.033631279586144,-10.0,10191,9950,2277,83,689,177.0,0.0372866127583108,0.3095238095238095,0.0795148247978436
CHN-JPN,202303,3091,4.196107931211524,-10.0,13405,13134,3220,109,1132,340.0,0.035263668715626,0.3662245228081527,0.1099967648010352
CHN-JPN,202304,4503,4.100094593324188,-10.0,20834,19931,4761,187,1554,456.0,0.0415278703086831,0.3451032644903398,0.1012658227848101
CHN-JPN,202305,3940,4.172440224423463,-10.0,18058,17702,4216,185,1337,351.0,0.0469543147208121,0.3393401015228426,0.0890862944162436
CHN-JPN,202306,2669,4.291806075871212,-10.0,10962,10819,2756,147,796,282.0,0.0550768077931809,0.2982390408392656,0.1056575496440614
CHN-JPN,202307,4366,4.643742577548296,-10.0,20324,20051,4499,261,1436,596.0,0.059780119102153,0.3289051763628035,0.1365093907466789
CHN-JPN,202308,6984,4.480664496162073,-10.0,33121,32571,7337,326,2972,1056.0,0.0466781214203894,0.4255441008018327,0.1512027491408934
CHN-JPN,202309,4469,4.557544405639361,-10.0,20154,19894,4653,192,1741,662.0,0.042962631461177,0.3895726113224435,0.1481315730588498
CHN-JPN,202310,2677,4.687199720287079,-10.0,11501,11317,2768,147,1020,486.0,0.0549122151662308,0.3810235338064998,0.1815465072842734
CHN-JPN,202311,4299,4.393794668236105,-10.0,19314,18736,4615,229,1252,536.0,0.0532682019074203,0.2912305187252849,0.12468015817632
CHN-JPN,202312,2393,4.049987210119514,-10.0,9829,9740,2447,87,827,214.0,0.0363560384454659,0.345591307981613,0.0894274968658587
CHN-JPN,202401,1920,4.488241106574026,-10.0,8179,8044,1982,126,580,198.0,0.065625,0.3020833333333333,0.103125
CHN-JPN,202402,1504,4.617990708283468,-10.0,6809,6683,1574,71,493,213.0,0.0472074468085106,0.3277925531914893,0.1416223404255319
CHN-JPN,202403,1781,4.404965006681912,-10.0,7860,7621,1834,81,638,194.0,0.0454800673778775,0.3582257158899494,0.1089275687815833
CHN-JPN,202404,3296,4.112042342662989,-10.0,13473,13224,3368,132,1088,255.0,0.0400485436893203,0.3300970873786408,0.0773665048543689
CHN-JPN,202405,3955,4.202760638440738,-10.0,16893,16487,4161,179,858,321.0,0.0452591656131479,0.2169405815423514,0.0811630847029077
CHN-JPN,202406,2080,4.532021938519589,-10.0,8338,8153,2114,165,682,224.0,0.079326923076923,0.3278846153846154,0.1076923076923077
CHN-JPN,202407,2926,4.573675151124055,-10.0,12081,11843,3024,127,1192,295.0,0.043403964456596,0.4073820915926179,0.1008202323991797
CHN-JPN,202408,3063,4.454080075109486,-10.0,13771,13397,3161,143,1423,440.0,0.0466862553052562,0.4645772118837741,0.1436500163238654
CHN-JPN,202409,4470,4.8022347778162615,-10.0,19741,19431,4695,374,1713,655.0,0.083668903803132,0.3832214765100671,0.1465324384787472
CHN-JPN,202410,2137,4.236672772769436,-10.0,10563,9282,2287,116,685,228.0,0.0542817033224146,0.3205428170332241,0.1066916237716424
CHN-JPN,202411,2263,4.120907888787972,-10.0,9743,9485,2377,75,675,221.0,0.033141847105612,0.2982766239505082,0.09765797613787
CHN-JPN,202412,3122,3.9663789466378097,-10.0,11286,11106,3177,127,800,273.0,0.0406790518898142,0.25624599615631,0.0874439461883408
CHN-JPN,202501,2726,3.950636912002088,-10.0,11627,11520,2922,133,716,256.0,0.0487894350696991,0.2626559060895084,0.0939104915627292
CHN-JPN,202502,1876,4.1538844265848685,-10.0,7432,7364,1921,83,574,140.0,0.0442430703624733,0.3059701492537313,0.0746268656716417
CHN-JPN,202503,3241,3.832607414344671,-10.0,12965,12692,3330,76,856,214.0,0.0234495526072199,0.2641160135760568,0.0660290033940142
CHN-JPN,202504,3042,4.2222134015216986,-10.0,12612,12085,3097,140,815,226.0,0.0460223537146614,0.2679158448389218,0.0742932281393819
CHN-JPN,202505,3218,4.275233556167856,-10.0,14222,13781,3303,164,1329,336.0,0.0509633312616532,0.4129894344313238,0.1044126786824114
CHN-JPN,202506,1485,4.369309949071834,-10.0,6275,6097,1548,97,626,196.0,0.0653198653198653,0.4215488215488215,0.1319865319865319
CHN-JPN,202507,3155,4.226857622691589,-10.0,14362,14104,3297,144,1347,310.0,0.0456418383518225,0.4269413629160063,0.098256735340729
CHN-JPN,202508,5021,4.5061870055495925,-10.0,21967,21107,5279,446,1420,565.0,0.0888269269069906,0.2828121888070105,0.1125273849830711
CHN-JPN,202509,4153,4.232220784877032,-10.0,19592,18587,4313,312,1457,396.0,0.0751264146400192,0.3508307247772694,0.0953527570431013
CHN-JPN,202510,3241,3.604548709247225,-10.0,12479,12090,3461,94,685,174.0,0.0290033940141931,0.2113545202098118,0.0536871336007405
CHN-JPN,202511,8010,4.169097019295939,-10.0,36629,35631,8348,432,3332,775.0,0.0539325842696629,0.415980024968789,0.0967540574282147
CHN-JPN,202512,6031,4.459348211744644,-10.0,27550,26906,6275,585,2788,825.0,0.0969988393301276,0.4622782291493948,0.1367932349527441
CHN-JPN,202602,2621,4.581913661402313,-10.0,11792,11151,2698,194,929,344.0,0.07401755055322395,0.3544448683708508,0.13124761541396412
CHN-JPN,202603,2203,4.460444504718795,-10.0,9245,9047,2276,165,899,249.0,0.07489786654561961,0.40807989105764864,0.11302768951429869
CHN-JPN,202604,1848,4.742676773586403,-10.0,8606,8430,1912,173,806,236.0,0.09361471861471861,0.43614718614718617,0.1277056277056277
CHN-JPN,202605,2191,4.259170564131771,-10.0,9440,9163,2247,134,788,166.0,0.0611592879963487,0.3596531264262894,0.07576449109995435
CHN-JPN,202606,2045,4.3944101360947885,-10.0,9259,9061,2110,132,905,265.0,0.06454767726161369,0.44254278728606355,0.1295843520782396
CHN-JPN,202607,2392,4.603028467400871,-10.0,10652,10261,2408,185,1187,331.0,0.07734113712374582,0.4962374581939799,0.13837792642140467
CHN-KOR,201501,91,3.703942063961964,-9.0,499,493,97,1,15,11.0,0.0109890109890109,0.1648351648351648,0.1208791208791208
CHN-KOR,201502,752,3.979641188657164,-10.0,3148,3138,799,24,107,44.0,0.0319148936170212,0.1422872340425532,0.0585106382978723
CHN-KOR,201503,4655,3.879743852889243,-10.0,22317,21607,5071,147,902,218.0,0.031578947368421,0.1937701396348013,0.0468313641245972
CHN-KOR,201504,2051,4.205092320868293,-10.0,9478,9378,2220,82,612,173.0,0.0399804973183812,0.2983910287664554,0.0843490980009751
CHN-KOR,201505,3155,3.3103674185665164,-10.0,13413,13095,3461,67,513,116.0,0.0212361331220285,0.1625990491283676,0.0367670364500792
CHN-KOR,201506,3383,3.8163005958314975,-10.0,16488,16041,3674,96,480,216.0,0.0283771800177357,0.1418859000886786,0.0638486550399054
CHN-KOR,201507,2642,4.445641120563886,-10.0,12549,12335,2739,169,600,249.0,0.0639666919000757,0.2271006813020439,0.0942467827403482
CHN-KOR,201508,3308,3.6276083528521497,-10.0,15835,15494,3464,85,672,132.0,0.025695284159613,0.2031438935912938,0.0399032648125755
CHN-KOR,201509,4067,3.848306520550517,-10.0,18877,18222,4154,168,542,224.0,0.0413080895008605,0.1332677649373002,0.0550774526678141
CHN-KOR,201510,4339,3.232495533917512,-10.0,19463,19047,4648,70,547,143.0,0.0161327494814473,0.1260659138050242,0.0329569025120995
CHN-KOR,201511,4505,3.4035444714239995,-10.0,20471,19729,4853,66,555,148.0,0.0146503884572697,0.123196448390677,0.0328523862375138
CHN-KOR,201512,2941,4.585840785581251,-10.0,13034,12676,3009,153,555,258.0,0.0520231213872832,0.1887113226793607,0.0877252635158109
CHN-KOR,201601,4607,3.8247986275535,-10.0,19193,18808,4798,81,979,198.0,0.0175819405252876,0.2125027132624267,0.0429780768395919
CHN-KOR,201602,5268,3.9491426073719422,-10.0,23138,22846,5537,170,1703,325.0,0.0322703113135914,0.3232725892179195,0.0616932422171602
CHN-KOR,201603,3364,4.007813898022914,-10.0,16013,15653,3542,127,716,208.0,0.0377526753864447,0.2128418549346016,0.0618311533888228
CHN-KOR,201604,3401,4.339338195694808,-10.0,15636,15314,3570,171,866,308.0,0.0502793296089385,0.2546309908850338,0.0905615995295501
CHN-KOR,201605,2539,4.084009259686423,-10.0,11943,11644,2614,113,663,190.0,0.044505710909807,0.2611264277274517,0.0748326112642772
CHN-KOR,201606,4243,4.174801985138593,-10.0,19647,19297,4381,180,1089,360.0,0.0424228140466651,0.2566580249823238,0.0848456280933302
CHN-KOR,201607,4067,4.339629444175202,-10.0,20037,19693,4248,172,1542,318.0,0.0422916154413572,0.3791492500614704,0.0781903122694861
CHN-KOR,201608,4874,3.928036796633191,-10.0,21888,21486,5155,130,1395,318.0,0.0266721378744357,0.2862125564218301,0.0652441526466967
CHN-KOR,201609,5018,4.417684844216731,-10.0,23214,22705,5383,316,1671,486.0,0.0629732961339178,0.3330011956954962,0.0968513351933041
CHN-KOR,201610,3081,4.652108082116309,-10.0,14784,14427,3236,243,975,388.0,0.0788704965920155,0.3164556962025316,0.1259331385913664
CHN-KOR,201611,2386,5.002334944320444,-10.0,10905,10670,2533,269,696,341.0,0.1127409891031014,0.2917015926236379,0.1429170159262363
CHN-KOR,201612,2198,4.244923484719841,-10.0,9586,9397,2327,108,575,214.0,0.0491355777979981,0.2616014558689717,0.097361237488626
CHN-KOR,201701,3043,4.146263442789216,-10.0,13305,13059,3181,133,1014,233.0,0.0437068682221492,0.3332237923102202,0.0765691751560959
CHN-KOR,201702,3043,4.927783881872237,-10.0,13272,12911,3197,300,1191,517.0,0.0985869208018402,0.3913900755833059,0.1698981268485047
CHN-KOR,201703,8813,4.429212307975837,-10.0,38002,37247,9633,631,3077,1140.0,0.0715987745376148,0.3491433110178146,0.1293543628730284
CHN-KOR,201704,7429,4.827945720034552,-10.0,28854,27364,7793,538,2386,907.0,0.0724188989096782,0.3211737784358595,0.1220891102436397
CHN-KOR,201705,5230,4.188673939832496,-10.0,25002,23799,5541,295,1344,437.0,0.0564053537284894,0.2569789674952198,0.0835564053537284
CHN-KOR,201706,2510,4.42142022765506,-10.0,11146,10882,2667,138,661,260.0,0.0549800796812749,0.2633466135458167,0.1035856573705179
CHN-KOR,201707,3175,4.486019029125783,-10.0,13309,13035,3309,207,964,336.0,0.0651968503937007,0.3036220472440945,0.1058267716535433
CHN-KOR,201708,3948,4.279054519819526,-10.0,16434,16098,4200,206,1085,391.0,0.0521783181357649,0.274822695035461,0.0990374873353596
CHN-KOR,201709,4558,4.490650053761323,-10.0,18253,17670,4799,224,1528,500.0,0.0491443615620886,0.3352347520842474,0.1096972356296621
CHN-KOR,201710,4843,3.9931209184301584,-10.0,20774,20355,5227,172,937,409.0,0.0355151765434647,0.1934751187280611,0.0844517860830064
CHN-KOR,201711,8008,3.186211827238164,-10.0,31654,30688,8705,116,1286,371.0,0.0144855144855144,0.1605894105894106,0.0463286713286713
CHN-KOR,201712,6366,4.406483279988035,-10.0,29553,28678,6772,468,1392,773.0,0.0735155513666352,0.2186616399622997,0.1214263273641219
CHN-KOR,201801,3016,4.0137078440254585,-10.0,13340,13012,3184,91,844,291.0,0.0301724137931034,0.279840848806366,0.0964854111405835
CHN-KOR,201802,1574,4.336340936913253,-10.0,6636,6484,1597,87,456,161.0,0.0552731893265565,0.289707750952986,0.102287166454892
CHN-KOR,201803,5777,3.20145837703288,-10.0,23989,23405,6504,105,763,209.0,0.0181755236281807,0.1320754716981132,0.0361779470313311
CHN-KOR,201804,3494,3.566251652058231,-10.0,13816,13646,3702,82,563,156.0,0.023468803663423,0.1611333714939897,0.0446479679450486
CHN-KOR,201805,5101,3.348039854899391,-10.0,20210,19723,5547,103,707,171.0,0.0201921191923152,0.138600274455989,0.0335228386590864
CHN-KOR,201806,4630,3.654839140751744,-10.0,18384,18053,5223,90,739,240.0,0.019438444924406,0.1596112311015118,0.0518358531317494
CHN-KOR,201807,1767,4.399154105945905,-10.0,7830,7659,1883,94,510,149.0,0.0531975099037917,0.2886247877758913,0.0843237125070741
CHN-KOR,201808,2069,4.243262125072729,-10.0,8787,8633,2120,90,481,152.0,0.0434992750120831,0.2324794586756887,0.0734654422426292
CHN-KOR,201809,1943,3.6008450438674204,-10.0,8103,7998,2047,57,340,116.0,0.0293360782295419,0.1749871332990221,0.0597014925373134
CHN-KOR,201810,2376,3.678113855102976,-10.0,9793,9495,2470,76,359,132.0,0.0319865319865319,0.1510942760942761,0.0555555555555555
CHN-KOR,201811,1978,3.837415637369568,-10.0,8580,8411,2034,75,360,132.0,0.037917087967644,0.1820020222446916,0.0667340748230535
CHN-KOR,201812,1411,4.201133804091842,-10.0,6932,6845,1454,70,339,117.0,0.0496102055279943,0.2402551381998582,0.0829199149539333
CHN-KOR,201901,2414,4.038309272337566,-10.0,10678,10423,2563,129,438,167.0,0.0534382767191383,0.1814415907207953,0.0691797845898923
CHN-KOR,201902,1420,4.310279062091876,-10.0,6108,5926,1454,85,278,120.0,0.0598591549295774,0.1957746478873239,0.0845070422535211
CHN-KOR,201903,1549,3.998999994689128,-10.0,7167,7039,1624,70,328,90.0,0.0451904454486765,0.2117495158166559,0.0581020012911555
CHN-KOR,201904,1658,4.209181758387314,-10.0,7279,7164,1744,88,320,116.0,0.0530759951749095,0.1930036188178528,0.0699638118214716
CHN-KOR,201905,1677,4.452596208568366,-10.0,7572,7497,1697,114,360,192.0,0.0679785330948121,0.2146690518783542,0.1144901610017889
CHN-KOR,201906,2578,3.991249869259011,-10.0,10611,10431,2714,113,439,201.0,0.0438324282389449,0.1702870442203258,0.077967416602017
CHN-KOR,201907,1729,4.49958825919454,-10.0,6898,6848,1759,96,524,166.0,0.0555234239444765,0.3030653556969346,0.0960092539039907
CHN-KOR,201908,2299,4.103115167975911,-10.0,9703,9635,2411,114,368,162.0,0.0495867768595041,0.160069595476294,0.0704654197477164
CHN-KOR,201909,1130,4.067302260547747,-10.0,5294,5219,1178,54,190,77.0,0.047787610619469,0.168141592920354,0.0681415929203539
CHN-KOR,201910,1395,4.229207868467264,-10.0,6764,6535,1434,68,298,123.0,0.0487455197132616,0.2136200716845878,0.0881720430107526
CHN-KOR,201911,1742,4.034968841109914,-10.0,7772,7585,1773,66,330,97.0,0.0378874856486796,0.1894374282433984,0.0556831228473019
CHN-KOR,201912,4044,3.15816510572672,-10.0,18150,17293,4399,60,393,135.0,0.0148367952522255,0.0971810089020771,0.0333827893175074
CHN-KOR,202001,2825,3.818661147898679,-10.0,13390,13129,3063,51,805,411.0,0.0180530973451327,0.2849557522123894,0.1454867256637168
CHN-KOR,202002,4681,4.262446727845455,-10.0,23741,23351,5023,164,1486,949.0,0.0350352488784447,0.3174535355693228,0.2027344584490493
CHN-KOR,202003,3819,4.16507602574536,-10.0,17142,16916,4149,195,814,437.0,0.0510604870384917,0.2131448023042681,0.1144278606965174
CHN-KOR,202004,1664,3.960952145258666,-10.0,7532,7325,1696,48,453,112.0,0.0288461538461538,0.2722355769230769,0.0673076923076923
CHN-KOR,202005,1459,4.328424180660424,-10.0,6902,6705,1513,92,370,141.0,0.0630568882796435,0.253598355037697,0.0966415352981494
CHN-KOR,202006,1451,5.099811935700176,-10.0,6344,6307,1509,174,330,198.0,0.1199172984148862,0.2274293590627153,0.1364576154376292
CHN-KOR,202007,1240,4.306454461310063,-10.0,5734,5618,1292,63,318,100.0,0.0508064516129032,0.2564516129032258,0.0806451612903225
CHN-KOR,202008,1596,3.701712918390789,-10.0,7271,7175,1684,41,239,95.0,0.0256892230576441,0.1497493734335839,0.0595238095238095
CHN-KOR,202009,1040,4.40411778466111,-10.0,4883,4843,1103,58,229,107.0,0.0557692307692307,0.2201923076923077,0.1028846153846153
CHN-KOR,202010,924,4.145232251409621,-10.0,4259,3970,958,46,273,74.0,0.0497835497835497,0.2954545454545454,0.08008658008658
CHN-KOR,202011,1920,3.883048900207048,-10.0,8573,8316,2095,52,247,96.0,0.0270833333333333,0.1286458333333333,0.05
CHN-KOR,202012,1093,4.525190409629234,-10.0,4983,4836,1112,69,294,107.0,0.0631290027447392,0.2689844464775846,0.0978956999085086
CHN-KOR,202101,877,4.2074759173302665,-10.0,3843,3832,911,45,228,69.0,0.0513112884834663,0.2599771949828962,0.0786773090079817
CHN-KOR,202102,731,4.151258653703352,-10.0,3224,3186,769,31,161,45.0,0.042407660738714,0.2202462380300957,0.0615595075239398
CHN-KOR,202103,1700,3.64300078137132,-10.0,6279,6154,1787,47,325,58.0,0.0276470588235294,0.1911764705882352,0.0341176470588235
CHN-KOR,202104,2151,3.770743756815175,-10.0,9442,8957,2300,54,370,84.0,0.0251046025104602,0.1720130172013017,0.0390516039051603
CHN-KOR,202105,1094,4.1800644195947365,-10.0,4642,4614,1130,42,324,94.0,0.0383912248628884,0.2961608775137112,0.0859232175502742
CHN-KOR,202106,888,4.132516496853719,-10.0,3897,3721,913,42,192,63.0,0.0472972972972973,0.2162162162162162,0.0709459459459459
CHN-KOR,202107,676,4.161807249167625,-10.0,2776,2727,687,40,154,49.0,0.059171597633136,0.2278106508875739,0.0724852071005917
CHN-KOR,202108,586,4.3833858086281605,-10.0,2720,2626,593,34,132,54.0,0.0580204778156996,0.2252559726962457,0.0921501706484641
CHN-KOR,202109,1877,3.697911823256432,-10.0,7159,7041,2060,55,224,84.0,0.0293020777836973,0.1193393713372402,0.0447522642514651
CHN-KOR,202110,773,4.264255584259208,-10.0,3103,3061,790,47,143,66.0,0.0608020698576972,0.1849935316946959,0.0853816300129366
CHN-KOR,202111,1030,4.490112364036665,-10.0,4739,4677,1103,43,250,77.0,0.0417475728155339,0.2427184466019417,0.074757281553398
CHN-KOR,202112,1246,4.124879448428932,-10.0,5357,5277,1282,62,221,82.0,0.0497592295345104,0.1773675762439807,0.0658105939004815
CHN-KOR,202201,826,5.417958566765115,-10.0,3652,3589,837,98,206,130.0,0.1186440677966101,0.2493946731234866,0.1573849878934624
CHN-KOR,202202,775,4.392834420799644,-10.0,3338,3308,781,46,255,62.0,0.0593548387096774,0.3290322580645161,0.08
CHN-KOR,202203,865,4.186410086242213,-10.0,4292,4185,919,42,274,78.0,0.0485549132947976,0.3167630057803468,0.0901734104046242
CHN-KOR,202204,658,4.2568027274611895,-10.0,2869,2845,695,29,150,46.0,0.0440729483282674,0.2279635258358662,0.0699088145896656
CHN-KOR,202205,1647,4.337304961418488,-10.0,6945,6767,1724,101,385,138.0,0.0613236187006678,0.2337583485124468,0.0837887067395264
CHN-KOR,202206,1050,4.262654664116014,-10.0,4486,4348,1081,47,300,72.0,0.0447619047619047,0.2857142857142857,0.0685714285714285
CHN-KOR,202207,1034,4.010354640840243,-10.0,4305,4172,1060,41,262,55.0,0.0396518375241779,0.253384912959381,0.0531914893617021
CHN-KOR,202208,2607,3.970507742194101,-10.0,10910,10512,2682,107,570,164.0,0.0410433448408131,0.2186421173762946,0.0629075565784426
CHN-KOR,202209,1249,3.9850778291582576,-10.0,5254,5050,1277,61,183,72.0,0.0488390712570056,0.1465172137710168,0.0576461168935148
CHN-KOR,202210,704,4.374427785823148,-10.0,3968,3927,728,29,174,69.0,0.0411931818181818,0.2471590909090909,0.0980113636363636
CHN-KOR,202211,1555,3.973085308718177,-10.0,6449,6234,1595,50,272,121.0,0.0321543408360128,0.1749196141479099,0.0778135048231511
CHN-KOR,202212,987,3.696790349876113,-10.0,4634,4495,1062,24,253,50.0,0.0243161094224924,0.2563323201621074,0.0506585612968591
CHN-KOR,202301,1482,3.960613000456124,-10.0,7027,6932,1510,63,455,161.0,0.0425101214574898,0.3070175438596491,0.1086369770580296
CHN-KOR,202302,812,3.864392001159079,-10.0,3708,3464,829,28,210,55.0,0.0344827586206896,0.2586206896551724,0.0677339901477832
CHN-KOR,202303,1003,4.078761018376316,-10.0,4391,4274,1017,40,247,70.0,0.0398803589232303,0.2462612163509471,0.069790628115653
CHN-KOR,202304,1853,4.039210952760477,-10.0,7884,7634,1922,76,637,144.0,0.041014570966001,0.3437668645439827,0.077711818672423
CHN-KOR,202305,1245,4.440461614568522,-10.0,5615,5484,1266,68,357,117.0,0.0546184738955823,0.2867469879518072,0.0939759036144578
CHN-KOR,202306,2477,4.04284041700431,-10.0,10011,9873,2546,96,774,207.0,0.0387565603552684,0.312474767864352,0.0835688332660476
CHN-KOR,202307,2005,4.331785491942709,-10.0,8446,8354,2108,90,413,158.0,0.0448877805486284,0.2059850374064838,0.0788029925187032
CHN-KOR,202308,2425,4.143157231605281,-10.0,10462,10060,2546,97,724,234.0,0.04,0.2985567010309278,0.0964948453608247
CHN-KOR,202309,2776,3.4178752334538607,-10.0,11251,10718,2870,60,479,120.0,0.0216138328530259,0.172550432276657,0.0432276657060518
CHN-KOR,202310,1332,3.8297707458677337,-10.0,5689,5572,1376,21,353,94.0,0.0157657657657657,0.265015015015015,0.0705705705705705
CHN-KOR,202311,2408,3.771480539664132,-10.0,10104,9682,2480,63,413,174.0,0.0261627906976744,0.1715116279069767,0.0722591362126245
CHN-KOR,202312,1205,4.071292484225116,-10.0,5038,4813,1213,37,288,85.0,0.0307053941908713,0.2390041493775933,0.0705394190871369
CHN-KOR,202401,978,4.649232332871254,-10.0,4244,4134,1007,73,272,94.0,0.074642126789366,0.278118609406953,0.0961145194274028
CHN-KOR,202402,824,4.022109660546253,-10.0,3350,3315,838,36,234,60.0,0.0436893203883495,0.2839805825242718,0.0728155339805825
CHN-KOR,202403,1021,3.844077724534869,-10.0,4198,4022,1039,33,258,50.0,0.0323212536728697,0.2526934378060724,0.048971596474045
CHN-KOR,202404,1662,3.490029657141209,-10.0,6939,6714,1683,38,328,73.0,0.0228640192539109,0.197352587244284,0.0439229843561973
CHN-KOR,202405,4342,3.22805105971833,-10.0,17344,16688,4490,46,521,94.0,0.0105941962229387,0.1199907876554583,0.0216490096729617
CHN-KOR,202406,1859,4.384055927512638,-10.0,7760,7516,1901,109,352,168.0,0.0586336740182894,0.1893491124260355,0.0903711672942442
CHN-KOR,202407,1331,3.972493427660932,-10.0,4900,4815,1356,37,323,87.0,0.0277986476333583,0.2426746806912096,0.0653643876784372
CHN-KOR,202408,723,4.309705592754431,-10.0,3100,3053,741,42,194,62.0,0.0580912863070539,0.268326417704011,0.0857538035961272
CHN-KOR,202409,1087,3.969529938983577,-10.0,4626,4534,1121,30,269,72.0,0.0275988960441582,0.2474701011959521,0.0662373505059797
CHN-KOR,202410,1095,3.987186435658869,-10.0,4263,4222,1129,38,339,105.0,0.0347031963470319,0.3095890410958904,0.0958904109589041
CHN-KOR,202411,1486,3.959694005904837,-10.0,5977,5787,1500,47,362,117.0,0.031628532974428,0.2436069986541049,0.0787348586810228
CHN-KOR,202412,1246,4.520170642143923,-10.0,5219,5154,1270,75,408,138.0,0.0601926163723916,0.3274478330658106,0.1107544141252006
CHN-KOR,202501,1081,3.885535320400096,-10.0,4550,4538,1107,35,278,76.0,0.032377428307123,0.2571692876965772,0.0703052728954671
CHN-KOR,202502,1077,4.083345160996194,-10.0,4805,4693,1093,18,390,101.0,0.0167130919220055,0.362116991643454,0.0937790157845868
CHN-KOR,202503,1752,3.623315673403006,-10.0,6970,6858,1785,36,302,77.0,0.0205479452054794,0.1723744292237443,0.0439497716894977
CHN-KOR,202504,1838,4.076539045232483,-10.0,7477,7259,1937,66,379,119.0,0.0359085963003264,0.20620239390642,0.0647442872687704
CHN-KOR,202505,1235,3.9163365475095824,-10.0,5085,4924,1250,38,287,90.0,0.0307692307692307,0.2323886639676113,0.0728744939271255
CHN-KOR,202506,670,4.315019858740176,-10.0,2890,2840,697,42,178,58.0,0.0626865671641791,0.2656716417910448,0.0865671641791044
CHN-KOR,202507,1187,3.761379146145656,-10.0,4800,4633,1210,39,211,64.0,0.0328559393428812,0.1777590564448188,0.0539174389216512
CHN-KOR,202508,1582,3.7448705146637065,-10.0,6347,6114,1630,59,308,108.0,0.0372945638432364,0.1946902654867256,0.06826801517067
CHN-KOR,202509,2494,3.274887493340958,-10.0,9960,9420,2560,67,303,106.0,0.0268644747393745,0.1214915797914996,0.0425020048115477
CHN-KOR,202510,7425,2.97827710563549,-10.0,27421,26895,7854,105,691,241.0,0.0141414141414141,0.093063973063973,0.0324579124579124
CHN-KOR,202511,3569,3.4608184178985057,-10.0,14237,13782,3786,91,456,155.0,0.0254973381899691,0.1277668814794059,0.0434295320818156
CHN-KOR,202512,1444,4.121364592943222,-10.0,5747,5650,1459,52,343,104.0,0.0360110803324099,0.2375346260387811,0.0720221606648199
CHN-KOR,202602,825,3.9206429072435864,-10.0,3311,3247,837,32,161,52.0,0.03878787878787879,0.19515151515151516,0.06303030303030303
CHN-KOR,202603,1066,4.065457560595517,-10.0,4519,4296,1168,66,191,85.0,0.06191369606003752,0.17917448405253283,0.07973733583489681
CHN-KOR,202604,1162,3.6991539656738412,-10.0,5232,4627,1215,48,183,64.0,0.04130808950086059,0.15748709122203097,0.055077452667814115
CHN-KOR,202605,2002,3.661363304199866,-10.0,7239,7082,2030,57,321,126.0,0.028471528471528472,0.16033966033966035,0.06293706293706294
CHN-KOR,202606,1695,3.393079463535324,-10.0,6602,6473,1718,40,334,80.0,0.02359882005899705,0.19705014749262537,0.0471976401179941
CHN-KOR,202607,778,3.7599013104212218,-10.0,3377,3308,778,31,150,42.0,0.03984575835475578,0.1928020565552699,0.05398457583547558
CHN-PHL,201501,13,5.235700917982625,-7.0,37,37,13,0,7,5.0,0.0,0.5384615384615384,0.3846153846153846
CHN-PHL,201502,589,4.047124334283334,-10.0,2380,2377,687,10,264,46.0,0.0169779286926994,0.4482173174872665,0.0780984719864176
CHN-PHL,201503,1382,3.9731062861381528,-10.0,6347,6326,1437,70,705,115.0,0.0506512301013024,0.5101302460202605,0.0832127351664254
CHN-PHL,201504,3139,4.403815408131076,-10.0,13023,12915,3375,263,1841,482.0,0.0837846447913348,0.5864925135393437,0.1535520866517999
CHN-PHL,201505,2511,4.238026159317086,-10.0,9661,9540,2703,97,1295,218.0,0.0386300278773397,0.5157307845479888,0.0868180007964954
CHN-PHL,201506,3461,4.127557883179129,-10.0,13468,13426,3693,114,1957,393.0,0.0329384570933256,0.5654435134354233,0.1135509968217278
CHN-PHL,201507,3529,4.385625576785483,-10.0,15761,15679,3804,196,1779,388.0,0.0555398129781807,0.5041088126948144,0.1099461603853783
CHN-PHL,201508,2062,4.33413698103392,-10.0,8377,7999,2134,113,929,212.0,0.0548011639185257,0.4505334626576139,0.1028128031037827
CHN-PHL,201509,1145,4.229541348314354,-10.0,5109,5057,1160,58,467,108.0,0.0506550218340611,0.4078602620087336,0.0943231441048035
CHN-PHL,201510,2236,4.869804936756914,-10.0,9645,9546,2394,257,923,375.0,0.1149373881932021,0.4127906976744186,0.1677101967799642
CHN-PHL,201511,4868,3.6512938231147167,-10.0,19677,19341,5177,105,1473,266.0,0.021569433032046,0.3025883319638455,0.0546425636811832
CHN-PHL,201512,1511,4.266058791431437,-10.0,5962,5874,1572,94,687,177.0,0.0622104566512243,0.4546657842488418,0.1171409662475182
CHN-PHL,201601,2520,4.1742277602153015,-10.0,9619,9524,2680,113,1341,230.0,0.0448412698412698,0.5321428571428571,0.0912698412698412
CHN-PHL,201602,2180,4.025175879876741,-10.0,8637,8573,2295,83,1131,147.0,0.0380733944954128,0.5188073394495413,0.0674311926605504
CHN-PHL,201603,2861,4.3745188400999,-10.0,11924,11666,3063,197,1470,334.0,0.0688570429919608,0.5138063614120937,0.1167423977630199
CHN-PHL,201604,2895,4.735478543429497,-10.0,11524,11440,3121,244,1339,457.0,0.0842832469775475,0.4625215889464594,0.1578583765112262
CHN-PHL,201605,4332,4.061866628108018,-10.0,17058,16309,4526,123,1733,325.0,0.028393351800554,0.4000461680517082,0.0750230840258541
CHN-PHL,201606,6182,3.945992543310212,-10.0,25882,24398,6432,157,2082,278.0,0.0253963118731802,0.3367842122290521,0.044969265609835
CHN-PHL,201607,14907,4.209202109661375,-10.0,66471,64721,16359,445,5239,842.0,0.0298517475011739,0.3514456295700007,0.0564835312269403
CHN-PHL,201608,6421,4.122274258333049,-10.0,25867,25017,6940,195,1699,392.0,0.0303691013860769,0.264600529512537,0.0610496807350879
CHN-PHL,201609,5830,4.080906947566363,-10.0,22369,21932,6354,252,2072,493.0,0.0432246998284734,0.3554030874785592,0.0845626072041166
CHN-PHL,201610,15937,3.7168146586114026,-10.0,53234,52361,16777,515,3161,1007.0,0.0323147392859383,0.1983434774424295,0.0631862960406601
CHN-PHL,201611,5180,4.210552999081944,-10.0,17936,17616,5484,303,1269,541.0,0.0584942084942084,0.2449806949806949,0.1044401544401544
CHN-PHL,201612,3679,4.094494133311054,-10.0,13440,12981,3899,134,1192,329.0,0.0364229410165805,0.3240010872519706,0.0894264745854851
CHN-PHL,201701,4034,3.600899697879424,-10.0,15162,14952,4246,83,838,180.0,0.0205751115518096,0.2077342588001983,0.0446207238472979
CHN-PHL,201702,2278,3.934059326653589,-10.0,8858,8620,2396,65,695,186.0,0.0285338015803336,0.3050921861281826,0.0816505706760316
CHN-PHL,201703,5279,3.6485914647589297,-10.0,20572,19777,5508,103,1650,184.0,0.019511271074067,0.3125591968175791,0.0348550861905663
CHN-PHL,201704,4003,3.8810775900371945,-10.0,13717,13504,4220,120,1479,316.0,0.0299775168623532,0.3694728953285036,0.0789407944041968
CHN-PHL,201705,6919,3.877197633580568,-10.0,25813,24798,7231,120,1705,253.0,0.0173435467553114,0.246422893481717,0.0365659777424483
CHN-PHL,201706,1932,4.203461940315811,-10.0,7570,7463,2025,81,480,134.0,0.0419254658385093,0.2484472049689441,0.0693581780538302
CHN-PHL,201707,2598,3.7047968434497096,-10.0,9699,9474,2673,51,698,140.0,0.0196304849884526,0.2686682063125481,0.0538876058506543
CHN-PHL,201708,3266,3.6875320356051433,-10.0,11684,11521,3436,81,1041,157.0,0.0248009797917942,0.3187385180649112,0.0480710349050826
CHN-PHL,201709,1561,4.36066634483107,-10.0,5267,5204,1607,93,418,132.0,0.059577194106342,0.267777065983344,0.0845611787315823
CHN-PHL,201710,2248,4.2400324512760585,-10.0,8582,8249,2446,118,392,159.0,0.0524911032028469,0.1743772241992882,0.070729537366548
CHN-PHL,201711,5341,3.2897983357992846,-10.0,19333,18327,5651,117,821,180.0,0.0219060101104662,0.1537165324845534,0.0337015540161018
CHN-PHL,201712,1291,3.863749833398342,-10.0,4536,4375,1296,30,353,85.0,0.0232378001549186,0.273431448489543,0.0658404337722695
CHN-PHL,201801,1863,4.159853415180825,-10.0,6459,6382,1899,42,794,121.0,0.0225442834138486,0.4261943102522812,0.0649490069779924
CHN-PHL,201802,2524,3.696168542690793,-10.0,8846,8703,2625,42,896,124.0,0.0166402535657686,0.3549920760697306,0.0491283676703645
CHN-PHL,201803,1791,3.554566876303107,-10.0,6491,6385,1947,20,537,51.0,0.0111669458403126,0.2998324958123953,0.0284757118927973
CHN-PHL,201804,3141,3.753338391983476,-10.0,10938,10748,3203,78,622,201.0,0.0248328557784145,0.1980261063355619,0.0639923591212989
CHN-PHL,201805,2370,4.0969415666747055,-10.0,8333,8211,2504,52,1099,123.0,0.0219409282700421,0.4637130801687764,0.0518987341772151
CHN-PHL,201806,3068,4.118518835074224,-10.0,10508,10437,3387,93,1368,208.0,0.0303129074315515,0.4458930899608865,0.0677966101694915
CHN-PHL,201807,1914,4.035140587170852,-10.0,6670,6598,1975,32,646,86.0,0.0167189132706374,0.3375130616509927,0.044932079414838
CHN-PHL,201808,2535,4.0788602589492005,-10.0,9383,9210,2596,57,813,156.0,0.0224852071005917,0.3207100591715976,0.0615384615384615
CHN-PHL,201809,1701,3.797171027490557,-10.0,6354,6313,1803,32,438,146.0,0.0188124632569077,0.2574955908289241,0.0858318636096413
CHN-PHL,201810,2295,3.67722252297982,-10.0,7628,7408,2348,38,493,103.0,0.016557734204793,0.2148148148148148,0.0448801742919389
CHN-PHL,201811,6680,3.5099719709417,-10.0,23532,22952,6966,64,1293,216.0,0.0095808383233532,0.193562874251497,0.0323353293413173
CHN-PHL,201812,1212,3.8644584972844855,-10.0,4621,4564,1259,9,314,89.0,0.0074257425742574,0.2590759075907591,0.0734323432343234
CHN-PHL,201901,1738,3.929282486418154,-10.0,6410,6303,1785,52,464,131.0,0.0299194476409666,0.2669735327963176,0.075373993095512
CHN-PHL,201902,1609,4.5616945510222,-10.0,5494,5293,1628,69,584,189.0,0.0428837787445618,0.362958359229335,0.1174642635177128
CHN-PHL,201903,2803,4.50436764534094,-10.0,9359,9263,2906,158,1043,302.0,0.0563681769532643,0.3721013200142704,0.1077417053157331
CHN-PHL,201904,4110,4.282755941024196,-10.0,14548,14431,4269,107,1708,241.0,0.0260340632603406,0.4155717761557178,0.0586374695863746
CHN-PHL,201905,1312,4.389862185387777,-10.0,4168,4160,1337,48,520,147.0,0.0365853658536585,0.3963414634146341,0.1120426829268292
CHN-PHL,201906,4944,4.3351703074526124,-10.0,17105,16963,5083,125,2612,358.0,0.0252831715210356,0.5283171521035599,0.0724110032362459
CHN-PHL,201907,2913,4.398709462582026,-10.0,10121,9965,3008,112,1279,231.0,0.0384483350497768,0.4390662547202197,0.0792996910401647
CHN-PHL,201908,4770,4.053063406579874,-10.0,16570,16381,4941,81,1823,294.0,0.0169811320754716,0.3821802935010482,0.0616352201257861
CHN-PHL,201909,2334,4.42674744000489,-10.0,8208,8093,2457,89,889,375.0,0.0381319622964867,0.3808911739502999,0.1606683804627249
CHN-PHL,201910,1579,4.60172642987813,-10.0,5535,5504,1638,60,497,173.0,0.0379987333755541,0.3147561747941735,0.1095630145661811
CHN-PHL,201911,1367,4.106095592415152,-10.0,4944,4904,1383,44,512,167.0,0.0321872713972201,0.3745427944403804,0.1221653255303584
CHN-PHL,201912,1113,4.641729038596362,-10.0,4023,4000,1127,79,388,224.0,0.0709793351302785,0.348607367475292,0.2012578616352201
CHN-PHL,202001,2691,3.812540999459572,-10.0,10631,10555,2767,71,791,419.0,0.0263842437755481,0.2939427722036418,0.15570419918246
CHN-PHL,202002,4788,3.874001726782324,-10.0,19358,19298,5052,129,1517,941.0,0.0269423558897243,0.3168337510442773,0.1965329991645781
CHN-PHL,202003,1639,4.459886576835703,-10.0,6323,6264,1646,89,445,220.0,0.0543014032946918,0.2715070164734594,0.1342281879194631
CHN-PHL,202004,1587,4.76087703327698,-10.0,6615,6524,1764,90,689,144.0,0.0567107750472589,0.4341524889729048,0.0907372400756143
CHN-PHL,202005,1172,4.826122063286332,-10.0,4247,4179,1242,69,550,184.0,0.0588737201365187,0.4692832764505119,0.1569965870307167
CHN-PHL,202006,1613,4.213603573090054,-10.0,5711,5623,1659,64,564,119.0,0.0396776193428394,0.3496590204587724,0.073775573465592
CHN-PHL,202007,1852,4.300687964365369,-10.0,7363,7289,1977,60,911,160.0,0.0323974082073434,0.4919006479481641,0.0863930885529157
CHN-PHL,202008,1742,4.574818308630943,-10.0,6222,6179,1814,83,806,153.0,0.0476463834672789,0.4626865671641791,0.0878300803673938
CHN-PHL,202009,1829,3.707077512777927,-10.0,6992,6898,2018,35,639,118.0,0.0191361399671951,0.3493712411153636,0.064516129032258
CHN-PHL,202010,741,4.131622575051298,-10.0,2789,2784,782,13,259,45.0,0.0175438596491228,0.349527665317139,0.0607287449392712
CHN-PHL,202011,538,4.317380156245145,-10.0,2106,2092,558,22,205,59.0,0.0408921933085501,0.3810408921933085,0.1096654275092936
CHN-PHL,202012,573,4.31836795392363,-10.0,2082,2074,581,20,194,42.0,0.0349040139616055,0.3385689354275741,0.0732984293193717
CHN-PHL,202101,1611,4.53221292359842,-10.0,5907,5790,1668,62,479,109.0,0.0384854127870887,0.2973308504034761,0.0676598386095592
CHN-PHL,202102,1365,4.314419919655766,-10.0,4690,4650,1401,50,380,72.0,0.0366300366300366,0.2783882783882784,0.0527472527472527
CHN-PHL,202103,3111,4.537638910964616,-10.0,11012,10805,3226,69,1289,119.0,0.0221793635486981,0.4143362262937962,0.0382513661202185
CHN-PHL,202104,3869,4.190504695298667,-10.0,14245,14113,4056,124,2106,220.0,0.0320496252261566,0.5443266994055311,0.0568622383044714
CHN-PHL,202105,2802,4.611817111012269,-10.0,10807,10572,2920,102,1557,279.0,0.0364025695931477,0.5556745182012848,0.0995717344753747
CHN-PHL,202106,954,4.6218883017890775,-10.0,3685,3621,981,53,380,106.0,0.0555555555555555,0.3983228511530398,0.1111111111111111
CHN-PHL,202107,1393,4.457249422064299,-10.0,5031,4932,1500,40,727,99.0,0.0287150035893754,0.5218951902368988,0.0710696338837042
CHN-PHL,202108,643,4.372788830015315,-10.0,2362,2339,657,17,245,44.0,0.0264385692068429,0.3810264385692068,0.0684292379471228
CHN-PHL,202109,702,4.460552037662725,-10.0,2739,2731,723,25,257,48.0,0.0356125356125356,0.3660968660968661,0.0683760683760683
CHN-PHL,202110,658,4.760114251655418,-10.0,2689,2630,679,26,250,46.0,0.0395136778115501,0.3799392097264438,0.0699088145896656
CHN-PHL,202111,1533,4.3696016146361645,-10.0,6118,6034,1592,97,756,119.0,0.0632746249184605,0.4931506849315068,0.0776255707762557
CHN-PHL,202112,786,4.494458574095949,-10.0,2745,2678,794,28,195,51.0,0.0356234096692111,0.2480916030534351,0.0648854961832061
CHN-PHL,202201,779,4.3993845271192535,-10.0,3074,3047,793,16,277,71.0,0.0205391527599486,0.355584082156611,0.0911424903722721
CHN-PHL,202202,492,4.524383895431027,-10.0,1766,1759,495,17,174,28.0,0.0345528455284552,0.3536585365853658,0.056910569105691
CHN-PHL,202203,1158,4.541032753682504,-10.0,4141,4080,1205,52,464,114.0,0.0449050086355785,0.4006908462867012,0.0984455958549222
CHN-PHL,202204,1206,4.745929532425155,-10.0,4374,4276,1262,41,364,74.0,0.0339966832504145,0.3018242122719735,0.0613598673300165
CHN-PHL,202205,984,4.386514450842536,-10.0,3642,3583,1015,36,342,83.0,0.0365853658536585,0.3475609756097561,0.0843495934959349
CHN-PHL,202206,1444,4.6013242978711855,-10.0,5627,5494,1474,33,700,157.0,0.0228531855955678,0.484764542936288,0.1087257617728531
CHN-PHL,202207,1664,3.671307216546868,-10.0,5967,5902,1708,11,543,70.0,0.0066105769230769,0.3263221153846153,0.0420673076923076
CHN-PHL,202208,921,3.7778974708044033,-10.0,3165,3132,1003,17,238,32.0,0.018458197611292,0.258414766558089,0.0347448425624321
CHN-PHL,202209,813,4.490776688620588,-10.0,3177,3129,834,19,289,70.0,0.023370233702337,0.3554735547355473,0.08610086100861
CHN-PHL,202210,785,4.3120780783095976,-10.0,2749,2718,792,48,357,157.0,0.0611464968152866,0.4547770700636943,0.2
CHN-PHL,202211,2241,3.700902916888778,-10.0,7080,7023,2346,84,721,134.0,0.037483266398929,0.321731369924141,0.0597947344935296
CHN-PHL,202212,1256,3.912934857154624,-10.0,4838,4690,1267,41,520,61.0,0.0326433121019108,0.4140127388535032,0.0485668789808917
CHN-PHL,202301,3306,3.610072463647086,-10.0,13185,12974,3459,39,672,116.0,0.0117967332123411,0.2032667876588021,0.0350877192982456
CHN-PHL,202302,2742,4.265491468624406,-10.0,9809,9704,2856,104,1414,185.0,0.0379285193289569,0.5156819839533188,0.0674690007293946
CHN-PHL,202303,1652,4.362596595930976,-10.0,6543,6503,1731,74,776,144.0,0.0447941888619854,0.4697336561743341,0.0871670702179176
CHN-PHL,202304,4500,4.177032393956564,-10.0,16686,16520,4736,145,1910,330.0,0.0322222222222222,0.4244444444444444,0.0733333333333333
CHN-PHL,202305,2230,4.325067492293785,-10.0,8191,8130,2270,114,947,196.0,0.0511210762331838,0.4246636771300448,0.0878923766816143
CHN-PHL,202306,1716,4.037351101295562,-10.0,6265,6186,1754,40,556,159.0,0.0233100233100233,0.324009324009324,0.0926573426573426
CHN-PHL,202307,2614,3.760294668531441,-10.0,9395,9305,2666,64,1093,157.0,0.0244835501147666,0.418133129303749,0.0600612088752869
CHN-PHL,202308,5692,4.290119915228279,-10.0,21636,21329,5904,392,2858,570.0,0.0688685874912157,0.5021082220660577,0.1001405481377371
CHN-PHL,202309,4716,4.012138753012336,-10.0,17779,17581,4928,239,2930,482.0,0.0506785411365564,0.6212892281594572,0.1022052586938083
CHN-PHL,202310,4695,3.9399817591954727,-10.0,18593,18417,4951,308,2939,478.0,0.065601703940362,0.6259850905218317,0.1018104366347177
CHN-PHL,202311,3397,4.403785716102721,-10.0,13328,13188,3495,283,1891,384.0,0.0833088018840153,0.5566676479246394,0.1130409184574624
CHN-PHL,202312,5580,4.2121426310741,-10.0,21923,21542,5792,501,3146,683.0,0.0897849462365591,0.5637992831541219,0.1224014336917562
CHN-PHL,202401,3253,4.484455172568292,-10.0,11869,11661,3324,175,1433,309.0,0.053796495542576,0.4405164463572087,0.0949892407008914
CHN-PHL,202402,2350,4.349821399550041,-10.0,8694,8566,2369,158,1338,253.0,0.0672340425531914,0.5693617021276596,0.1076595744680851
CHN-PHL,202403,6178,4.542055632712845,-10.0,25040,24743,6559,797,3175,933.0,0.1290061508578828,0.5139203625768857,0.1510197474910974
CHN-PHL,202404,4825,4.879662316751298,-10.0,18554,18325,4971,565,2230,783.0,0.1170984455958549,0.4621761658031088,0.1622797927461139
CHN-PHL,202405,5302,4.3990669247487215,-10.0,19970,19698,5485,449,2965,759.0,0.0846850245190494,0.5592229347416069,0.1431535269709543
CHN-PHL,202406,6249,4.878871596803345,-10.0,24191,23638,6481,1085,3343,1296.0,0.1736277804448711,0.5349655944951193,0.2073931829092654
CHN-PHL,202407,6695,5.057266731143539,-10.0,26638,25936,6947,832,2594,1073.0,0.1242718446601941,0.3874533233756534,0.160268857356236
CHN-PHL,202408,6276,4.544777875094037,-10.0,23799,23556,6606,752,3533,931.0,0.1198215423836838,0.562938177182919,0.1483428935627788
CHN-PHL,202409,4225,4.740838494065738,-10.0,14794,14648,4305,462,2254,684.0,0.1093491124260355,0.533491124260355,0.1618934911242603
CHN-PHL,202410,1696,5.008246686165024,-10.0,6008,5948,1741,288,818,440.0,0.1698113207547169,0.482311320754717,0.2594339622641509
CHN-PHL,202411,2130,4.709450078539034,-10.0,8099,7959,2271,286,968,355.0,0.1342723004694835,0.4544600938967136,0.1666666666666666
CHN-PHL,202412,1839,4.232442830765847,-10.0,7371,7192,1862,179,1104,251.0,0.0973355084284937,0.600326264274062,0.1364872213159325
CHN-PHL,202501,3202,4.214277991285793,-10.0,12399,12243,3466,145,1778,355.0,0.0452841973766396,0.5552779512804498,0.1108682073703935
CHN-PHL,202502,1985,4.508881999533305,-10.0,7594,7397,2046,147,1093,285.0,0.0740554156171284,0.5506297229219144,0.1435768261964735
CHN-PHL,202503,1965,4.559392742210655,-10.0,7005,6876,2005,168,946,324.0,0.0854961832061068,0.4814249363867684,0.1648854961832061
CHN-PHL,202504,2556,4.226384883517514,-10.0,9670,9558,2589,202,1562,422.0,0.0790297339593114,0.6111111111111112,0.1651017214397496
CHN-PHL,202505,1626,4.44425942231649,-10.0,6394,6264,1675,152,899,249.0,0.093480934809348,0.552890528905289,0.1531365313653136
CHN-PHL,202506,612,4.600972345025351,-10.0,2171,2161,617,76,300,98.0,0.1241830065359477,0.4901960784313725,0.1601307189542483
CHN-PHL,202507,1567,4.281858095670606,-10.0,5737,5715,1624,100,777,192.0,0.0638162093171665,0.4958519463943842,0.1225271218889598
CHN-PHL,202508,2589,4.779651157856555,-10.0,9811,9635,2652,296,1387,424.0,0.1143298570876786,0.5357280803398996,0.1637697952877559
CHN-PHL,202509,1618,4.519524752008125,-10.0,6672,6526,1661,214,908,284.0,0.1322620519159456,0.5611866501854141,0.1755253399258343
CHN-PHL,202510,1345,4.830397794459302,-10.0,4914,4869,1364,205,730,253.0,0.1524163568773234,0.5427509293680297,0.1881040892193308
CHN-PHL,202511,1072,5.142747207696799,-10.0,3716,3703,1093,126,473,200.0,0.1175373134328358,0.4412313432835821,0.1865671641791045
CHN-PHL,202512,952,5.07060683642645,-10.0,3817,3716,982,155,480,177.0,0.1628151260504201,0.5042016806722689,0.1859243697478991
CHN-PHL,202602,1446,4.285434726063273,-10.0,4918,4840,1458,69,706,178.0,0.04771784232365145,0.48824343015214383,0.12309820193637622
CHN-PHL,202603,1175,4.3489166610251795,-10.0,5032,4857,1188,47,529,130.0,0.04,0.4502127659574468,0.11063829787234042
CHN-PHL,202604,852,4.530208290114051,-10.0,3586,3548,880,58,509,136.0,0.06807511737089202,0.5974178403755869,0.1596244131455399
CHN-PHL,202605,856,4.603687858993505,-10.0,3406,3319,889,63,394,124.0,0.07359813084112149,0.4602803738317757,0.14485981308411214
CHN-PHL,202606,1126,4.511939993225416,-10.0,4139,4111,1136,133,587,219.0,0.11811722912966252,0.5213143872113677,0.19449378330373002
CHN-PHL,202607,3372,4.558198312749943,-10.0,13493,13116,3486,411,1557,471.0,0.12188612099644128,0.46174377224199287,0.1396797153024911
CHN-PRK,201501,62,2.592761350862775,-5.0,221,218,69,0,3,1.0,0.0,0.0483870967741935,0.0161290322580645
CHN-PRK,201502,191,4.8513442479075,-10.0,958,929,196,10,58,29.0,0.0523560209424083,0.3036649214659686,0.1518324607329843
CHN-PRK,201503,1326,4.242120037610443,-10.0,6309,6144,1387,89,333,144.0,0.0671191553544494,0.251131221719457,0.1085972850678733
CHN-PRK,201504,1206,4.981735570273534,-10.0,6199,6133,1405,127,450,204.0,0.10530679933665,0.373134328358209,0.1691542288557214
CHN-PRK,201505,1517,4.761550513765872,-10.0,6989,6874,1749,143,396,220.0,0.0942649967040211,0.2610415293342122,0.1450230718523401
CHN-PRK,201506,921,5.200225768033678,-10.0,4340,4279,992,103,261,156.0,0.1118349619978284,0.2833876221498371,0.1693811074918566
CHN-PRK,201507,1150,4.258967980239715,-10.0,5182,5081,1215,53,411,104.0,0.0460869565217391,0.357391304347826,0.0904347826086956
CHN-PRK,201508,1360,4.411239888563774,-10.0,6736,6662,1395,82,384,159.0,0.0602941176470588,0.2823529411764706,0.1169117647058823
CHN-PRK,201509,2364,4.425727522214186,-10.0,11772,11524,2531,147,676,257.0,0.0621827411167512,0.2859560067681895,0.1087140439932318
CHN-PRK,201510,2619,4.232679131271535,-10.0,11969,11704,2795,191,486,289.0,0.0729285987017945,0.1855670103092783,0.1103474608629247
CHN-PRK,201511,1176,4.768536619274482,-10.0,5497,5320,1216,103,303,194.0,0.0875850340136054,0.2576530612244898,0.1649659863945578
CHN-PRK,201512,2673,3.9463270131983097,-10.0,12216,11943,2825,83,760,285.0,0.0310512532734754,0.2843247287691732,0.1066217732884399
CHN-PRK,201601,6977,4.231511302745899,-10.0,30685,30172,7495,285,2725,593.0,0.0408485022215852,0.3905690124695428,0.0849935502364913
CHN-PRK,201602,6803,4.301398728261344,-10.0,30840,30183,7374,409,2457,569.0,0.0601205350580626,0.361164192268117,0.0836395707775981
CHN-PRK,201603,4389,4.716472213240618,-10.0,20567,20098,4687,393,1622,690.0,0.0895420369104579,0.3695602642971064,0.1572112098427888
CHN-PRK,201604,3878,5.189116675138597,-10.0,19223,18957,4039,586,1483,971.0,0.1511088189788551,0.3824136152656008,0.2503867973182052
CHN-PRK,201605,2278,4.410962852614913,-10.0,10461,10280,2446,161,654,274.0,0.0706760316066725,0.2870939420544337,0.1202809482001756
CHN-PRK,201606,3435,3.973608021819371,-10.0,16425,16090,3697,183,904,396.0,0.0532751091703056,0.2631732168850073,0.1152838427947598
CHN-PRK,201607,2262,4.761811900992003,-10.0,10604,10416,2429,197,557,291.0,0.0870910698496905,0.2462422634836427,0.1286472148541114
CHN-PRK,201608,2007,4.419770393578587,-10.0,9413,9249,2151,147,876,239.0,0.0732436472346786,0.4364723467862481,0.1190832087693074
CHN-PRK,201609,5722,4.658144246316339,-10.0,27681,27247,6179,536,2426,863.0,0.0936735407200279,0.423977630199231,0.1508213911219853
CHN-PRK,201610,2015,4.460970552085684,-10.0,9095,8891,2122,99,616,201.0,0.0491315136476426,0.3057071960297767,0.0997518610421836
CHN-PRK,201611,1688,4.8046672482898005,-10.0,7570,7397,1750,177,681,292.0,0.1048578199052132,0.403436018957346,0.1729857819905213
CHN-PRK,201612,1458,5.127420177082273,-10.0,6941,6772,1542,175,507,273.0,0.1200274348422496,0.3477366255144033,0.1872427983539094
CHN-PRK,201701,1982,4.938419573392797,-10.0,8177,8091,2164,220,854,390.0,0.1109989909182643,0.4308779011099899,0.1967709384460141
CHN-PRK,201702,5834,4.998873750791828,-10.0,26940,26521,6614,624,2246,997.0,0.1069592046623243,0.3849845731916352,0.1708947548851559
CHN-PRK,201703,8104,4.409128130916956,-10.0,31373,30895,8981,502,2732,795.0,0.0619447186574531,0.3371174728529121,0.0980997038499506
CHN-PRK,201704,20900,4.452969619049702,-10.0,83892,82581,23158,997,8082,2280.0,0.0477033492822966,0.3866985645933014,0.109090909090909
CHN-PRK,201705,7774,4.5551015981602525,-10.0,35348,34420,8608,589,2996,861.0,0.0757653717519938,0.3853871880627733,0.110753794700283
CHN-PRK,201706,5077,4.54294893284534,-10.0,20754,20445,5868,376,1659,643.0,0.0740594839472129,0.3267677762458144,0.1266495962182391
CHN-PRK,201707,8623,4.594010472290546,-10.0,35230,34476,9794,626,3483,981.0,0.0725965441261741,0.4039197495071321,0.113765510843094
CHN-PRK,201708,10754,4.67531510078376,-10.0,45552,44811,11842,944,4019,1452.0,0.0877812906825367,0.3737214059884694,0.1350195276176306
CHN-PRK,201709,13691,4.612797192110404,-10.0,59983,58616,15445,896,5704,1919.0,0.0654444525600759,0.4166240596011978,0.1401650719450734
CHN-PRK,201710,5235,4.554654830355321,-10.0,20719,20344,5644,377,1595,597.0,0.0720152817574021,0.3046800382043935,0.1140401146131805
CHN-PRK,201711,10186,4.022765222415736,-10.0,42581,41404,11724,548,2698,1121.0,0.053799332417043,0.2648733555860986,0.1100530139407029
CHN-PRK,201712,6793,4.373569982241238,-10.0,29603,28926,7378,318,2609,703.0,0.0468128956278522,0.3840718386574415,0.1034888856175474
CHN-PRK,201801,3508,4.546919826798026,-10.0,15444,14780,3679,242,1163,410.0,0.0689851767388825,0.3315279361459521,0.1168757126567845
CHN-PRK,201802,1616,4.7898918028300885,-10.0,7285,7058,1756,107,585,166.0,0.0662128712871287,0.3620049504950495,0.1027227722772277
CHN-PRK,201803,9019,3.5061038418081014,-10.0,36914,35997,9973,243,1570,520.0,0.0269431200798314,0.1740769486639317,0.057656059430092
CHN-PRK,201804,7168,3.531024103487272,-10.0,30255,29489,7673,273,1111,423.0,0.0380859375,0.1549944196428571,0.0590122767857142
CHN-PRK,201805,10771,3.5439145546025275,-10.0,42146,41089,12129,346,1950,585.0,0.0321232940302664,0.1810416860087271,0.0543125058026181
CHN-PRK,201806,8832,3.6393745022686095,-10.0,33130,32632,9588,275,1535,432.0,0.0311367753623188,0.1737998188405797,0.0489130434782608
CHN-PRK,201807,3153,4.38441608424727,-10.0,12708,12259,3316,236,642,299.0,0.0748493498255629,0.203615604186489,0.0948303203298445
CHN-PRK,201808,3595,4.213542374603115,-10.0,13852,13327,3867,182,1186,338.0,0.050625869262865,0.3299026425591099,0.094019471488178
CHN-PRK,201809,3474,3.9304766375982862,-10.0,14491,14104,3707,168,771,265.0,0.0483592400690846,0.2219343696027634,0.0762809441565918
CHN-PRK,201810,2587,3.705144391315224,-10.0,9809,9606,2893,76,412,139.0,0.029377657518361,0.1592578275995361,0.0537301894085813
CHN-PRK,201811,1364,4.463878456177429,-10.0,5028,4922,1376,106,257,190.0,0.0777126099706744,0.18841642228739,0.1392961876832844
CHN-PRK,201812,1750,4.063867413959949,-10.0,6660,6537,2047,66,319,189.0,0.0377142857142857,0.1822857142857142,0.108
CHN-PRK,201901,4124,2.9035050782344367,-10.0,17133,16812,4550,46,427,106.0,0.0111542192046556,0.1035402521823472,0.0257032007759456
CHN-PRK,201902,2560,3.884914316961744,-10.0,9468,9206,2755,132,355,198.0,0.0515625,0.138671875,0.07734375
CHN-PRK,201903,2503,3.883033934347597,-10.0,8821,8555,2618,120,498,236.0,0.0479424690371554,0.1989612465041949,0.0942868557730723
CHN-PRK,201904,1712,3.8230051669004697,-10.0,7168,6908,1859,46,275,97.0,0.0268691588785046,0.1606308411214953,0.0566588785046729
CHN-PRK,201905,1243,4.385201335187829,-10.0,4711,4673,1365,79,227,131.0,0.0635559131134352,0.1826226870474658,0.1053901850362027
CHN-PRK,201906,6414,3.408326938811882,-10.0,27912,27149,7124,232,699,328.0,0.0361708762082943,0.1089803554724041,0.0511381353289678
CHN-PRK,201907,1727,3.935731836807568,-10.0,6498,6288,1785,76,325,165.0,0.0440069484655471,0.1881876085697741,0.0955414012738853
CHN-PRK,201908,1325,3.564794306122557,-10.0,5304,5204,1387,33,248,52.0,0.0249056603773584,0.1871698113207547,0.0392452830188679
CHN-PRK,201909,1436,4.068436543047857,-10.0,5967,5864,1503,96,226,130.0,0.0668523676880222,0.1573816155988858,0.0905292479108635
CHN-PRK,201910,1014,3.7245239740344167,-10.0,4397,4368,1131,40,210,56.0,0.039447731755424,0.2071005917159763,0.0552268244575936
CHN-PRK,201911,500,4.208517344204839,-10.0,2198,2178,545,22,143,42.0,0.044,0.286,0.084
CHN-PRK,201912,2192,4.018617133470946,-10.0,10227,9854,2362,80,370,127.0,0.0364963503649635,0.1687956204379562,0.0579379562043795
CHN-PRK,202001,687,4.429318328127828,-9.5,2835,2821,723,33,206,137.0,0.0480349344978165,0.2998544395924308,0.1994177583697234
CHN-PRK,202002,979,5.022308858769598,-10.0,4722,4681,1018,124,305,237.0,0.1266598569969356,0.3115423901940756,0.2420837589376915
CHN-PRK,202003,608,5.223716747246822,-10.0,2860,2824,666,81,231,160.0,0.1332236842105263,0.3799342105263157,0.2631578947368421
CHN-PRK,202004,1619,4.183049829753781,-10.0,7559,7299,1708,66,427,199.0,0.0407659048795552,0.2637430512662137,0.1229153798641136
CHN-PRK,202005,1170,4.630212623208618,-10.0,5338,5215,1227,75,367,147.0,0.0641025641025641,0.3136752136752136,0.1256410256410256
CHN-PRK,202006,990,4.718122460886664,-10.0,3474,3447,1019,74,305,114.0,0.0747474747474747,0.308080808080808,0.1151515151515151
CHN-PRK,202007,758,4.996008146736543,-10.0,3421,3363,774,63,285,149.0,0.0831134564643799,0.3759894459102902,0.1965699208443271
CHN-PRK,202008,583,5.591464974170274,-10.0,2511,2503,613,76,203,132.0,0.1303602058319039,0.3481989708404803,0.2264150943396226
CHN-PRK,202009,498,5.577217845878919,-10.0,2027,2012,506,90,197,154.0,0.180722891566265,0.395582329317269,0.3092369477911647
CHN-PRK,202010,654,4.846618727128853,-10.0,2567,2492,661,55,196,85.0,0.0840978593272171,0.2996941896024465,0.1299694189602446
CHN-PRK,202011,388,5.136113136946874,-10.0,1561,1533,402,46,111,74.0,0.1185567010309278,0.2860824742268041,0.190721649484536
CHN-PRK,202012,722,5.022881933879044,-10.0,2956,2930,771,80,275,135.0,0.1108033240997229,0.3808864265927978,0.1869806094182825
CHN-PRK,202101,396,4.790188176031832,-10.0,1679,1648,408,34,112,68.0,0.0858585858585858,0.2828282828282828,0.1717171717171717
CHN-PRK,202102,305,4.628269126558178,-10.0,1152,1138,310,17,98,38.0,0.0557377049180327,0.321311475409836,0.1245901639344262
CHN-PRK,202103,987,4.301543147210075,-10.0,3942,3861,1034,65,294,94.0,0.0658561296859169,0.2978723404255319,0.0952380952380952
CHN-PRK,202104,555,4.592073203464975,-10.0,2336,2294,579,35,160,54.0,0.063063063063063,0.2882882882882883,0.0972972972972973
CHN-PRK,202105,490,4.3741319719355385,-10.0,2260,2242,505,20,128,55.0,0.0408163265306122,0.2612244897959184,0.1122448979591836
CHN-PRK,202106,443,4.575710060753957,-10.0,2055,1989,455,29,96,57.0,0.0654627539503386,0.2167042889390519,0.128668171557562
CHN-PRK,202107,748,4.33688897421884,-10.0,3681,3541,784,21,173,65.0,0.0280748663101604,0.231283422459893,0.0868983957219251
CHN-PRK,202108,304,4.623517982441364,-10.0,1290,1286,313,19,80,36.0,0.0625,0.2631578947368421,0.1184210526315789
CHN-PRK,202109,799,4.871006862265115,-10.0,3691,3606,852,79,300,119.0,0.0988735919899874,0.3754693366708385,0.1489361702127659
CHN-PRK,202110,578,5.25710878374684,-10.0,2604,2603,608,61,142,112.0,0.1055363321799307,0.245674740484429,0.1937716262975778
CHN-PRK,202111,643,4.807925209846385,-10.0,3038,2957,659,34,199,104.0,0.0528771384136858,0.3094867807153966,0.1617418351477449
CHN-PRK,202112,567,4.992177614146908,-10.0,2314,2272,583,54,139,89.0,0.0952380952380952,0.2451499118165784,0.1569664902998236
CHN-PRK,202201,738,5.2438013214406585,-10.0,3335,3247,778,100,138,127.0,0.1355013550135501,0.1869918699186991,0.1720867208672086
CHN-PRK,202202,620,4.546886832622378,-10.0,2825,2771,675,39,166,74.0,0.0629032258064516,0.267741935483871,0.1193548387096774
CHN-PRK,202203,656,4.647325022427945,-10.0,2760,2740,734,49,246,65.0,0.0746951219512195,0.375,0.0990853658536585
CHN-PRK,202204,401,4.342114000118484,-10.0,1915,1801,425,24,126,48.0,0.0598503740648379,0.314214463840399,0.1197007481296758
CHN-PRK,202205,1352,4.891111751598661,-10.0,6393,6306,1464,124,469,177.0,0.0917159763313609,0.3468934911242604,0.1309171597633136
CHN-PRK,202206,704,4.71485685141298,-10.0,2929,2905,721,47,298,69.0,0.0667613636363636,0.4232954545454545,0.0980113636363636
CHN-PRK,202207,317,5.16263871656244,-10.0,1430,1427,324,29,112,45.0,0.0914826498422713,0.3533123028391167,0.1419558359621451
CHN-PRK,202208,538,4.294108985070116,-10.0,2346,2330,556,21,187,58.0,0.0390334572490706,0.3475836431226766,0.1078066914498141
CHN-PRK,202209,508,5.1083472326341095,-10.0,2061,2047,531,77,174,92.0,0.1515748031496063,0.3425196850393701,0.1811023622047244
CHN-PRK,202210,522,4.5779678600855975,-10.0,2505,2447,526,40,199,70.0,0.0766283524904214,0.3812260536398467,0.1340996168582375
CHN-PRK,202211,1032,4.457331649611382,-10.0,4607,4536,1093,39,376,81.0,0.0377906976744186,0.3643410852713178,0.0784883720930232
CHN-PRK,202212,396,4.43165280018223,-10.0,1746,1743,408,20,168,45.0,0.0505050505050505,0.4242424242424242,0.1136363636363636
CHN-PRK,202301,441,4.43409641160691,-10.0,1952,1906,453,19,213,56.0,0.0430839002267573,0.4829931972789115,0.1269841269841269
CHN-PRK,202302,390,4.505135484309951,-10.0,1621,1620,447,23,177,49.0,0.0589743589743589,0.4538461538461538,0.1256410256410256
CHN-PRK,202303,739,4.6180856026113455,-10.0,3214,3135,766,35,283,84.0,0.047361299052774,0.3829499323410013,0.1136671177266576
CHN-PRK,202304,785,4.792406942780687,-10.0,3253,3220,835,56,278,99.0,0.0713375796178343,0.354140127388535,0.1261146496815286
CHN-PRK,202305,533,4.911659480145649,-10.0,2221,2138,552,39,184,76.0,0.073170731707317,0.3452157598499062,0.1425891181988743
CHN-PRK,202306,782,4.350448601129213,-10.0,3094,3069,792,50,308,93.0,0.0639386189258312,0.3938618925831202,0.118925831202046
CHN-PRK,202307,2071,4.319875987965523,-10.0,7890,7720,2208,137,429,234.0,0.0661516175760502,0.2071463061323032,0.1129888942539835
CHN-PRK,202308,1364,4.437106168310458,-10.0,5714,5574,1468,84,391,130.0,0.0615835777126099,0.2866568914956012,0.095307917888563
CHN-PRK,202309,2048,3.6327983786975175,-10.0,8184,8028,2217,64,434,142.0,0.03125,0.2119140625,0.0693359375
CHN-PRK,202310,912,4.241754288297943,-10.0,3669,3600,976,44,300,133.0,0.0482456140350877,0.3289473684210526,0.1458333333333333
CHN-PRK,202311,669,4.447398935825282,-10.0,2740,2711,720,39,256,81.0,0.0582959641255605,0.382660687593423,0.1210762331838565
CHN-PRK,202312,943,4.337606542796795,-10.0,3961,3864,971,39,234,133.0,0.04135737009544,0.2481442205726405,0.1410392364793213
CHN-PRK,202401,1045,4.546343525783711,-10.0,3947,3828,1083,59,235,83.0,0.0564593301435406,0.2248803827751196,0.0794258373205741
CHN-PRK,202402,500,4.367873220795894,-10.0,2111,2076,523,38,137,47.0,0.076,0.274,0.094
CHN-PRK,202403,765,4.172411737892367,-10.0,2957,2866,773,38,166,64.0,0.049673202614379,0.2169934640522876,0.0836601307189542
CHN-PRK,202404,1464,3.597404431277049,-10.0,6098,5935,1570,27,343,97.0,0.0184426229508196,0.2342896174863388,0.0662568306010929
CHN-PRK,202405,1049,4.282878604592499,-10.0,3877,3802,1090,73,442,124.0,0.0695900857959961,0.4213536701620591,0.1182078169685414
CHN-PRK,202406,1260,3.933305161572834,-10.0,5308,5138,1373,41,404,89.0,0.0325396825396825,0.3206349206349206,0.0706349206349206
CHN-PRK,202407,770,4.167906176511801,-10.0,2840,2801,789,29,248,46.0,0.0376623376623376,0.3220779220779221,0.0597402597402597
CHN-PRK,202408,655,4.334313945370579,-10.0,2552,2539,673,22,233,42.0,0.0335877862595419,0.3557251908396946,0.0641221374045801
CHN-PRK,202409,820,3.821312479084524,-10.0,3074,3047,879,26,237,57.0,0.0317073170731707,0.2890243902439024,0.0695121951219512
CHN-PRK,202410,1333,3.845383315979736,-10.0,5766,5726,1366,46,451,87.0,0.0345086271567892,0.3383345836459114,0.0652663165791447
CHN-PRK,202411,1042,4.274218854680932,-10.0,3899,3858,1079,49,391,76.0,0.047024952015355,0.3752399232245681,0.072936660268714
CHN-PRK,202412,736,4.586696682113601,-10.0,2677,2638,790,40,267,94.0,0.0543478260869565,0.3627717391304347,0.1277173913043478
CHN-PRK,202501,459,4.878582636568455,-10.0,1777,1755,471,37,158,56.0,0.0806100217864923,0.3442265795206972,0.1220043572984749
CHN-PRK,202502,468,4.126017342090445,-10.0,1903,1869,488,19,131,47.0,0.0405982905982906,0.2799145299145299,0.1004273504273504
CHN-PRK,202503,421,4.360361343542727,-10.0,1550,1538,437,14,133,23.0,0.0332541567695962,0.3159144893111639,0.0546318289786223
CHN-PRK,202504,424,4.310875318835056,-10.0,1751,1706,440,18,117,32.0,0.0424528301886792,0.2759433962264151,0.0754716981132075
CHN-PRK,202505,461,4.782872551945764,-10.0,1739,1710,465,30,180,63.0,0.0650759219088937,0.3904555314533622,0.1366594360086767
CHN-PRK,202506,327,4.203712597485569,-10.0,1210,1206,329,15,106,35.0,0.0458715596330275,0.3241590214067278,0.1070336391437308
CHN-PRK,202507,576,4.095984745163084,-10.0,2072,2035,581,19,129,41.0,0.0329861111111111,0.2239583333333333,0.0711805555555555
CHN-PRK,202508,1089,3.6061853974684985,-10.0,4191,4164,1176,17,195,94.0,0.0156106519742883,0.1790633608815427,0.086317722681359
CHN-PRK,202509,3291,3.089147690373093,-10.0,13250,12858,3501,86,436,128.0,0.0261318748100881,0.1324825281069583,0.0388939532057125
CHN-PRK,202510,1461,3.4190633726432447,-10.0,5519,5378,1508,39,224,83.0,0.0266940451745379,0.1533196440793976,0.0568104038329911
CHN-PRK,202511,559,4.063479596127622,-10.0,2366,2340,564,22,105,29.0,0.0393559928443649,0.1878354203935599,0.0518783542039356
CHN-PRK,202512,279,3.9515295457271016,-10.0,1038,1010,279,6,90,13.0,0.021505376344086,0.3225806451612903,0.046594982078853
CHN-PRK,202602,318,4.0090984355162425,-10.0,1285,1269,320,10,98,23.0,0.031446540880503145,0.3081761006289308,0.07232704402515723
CHN-PRK,202603,762,3.7471916888138908,-10.0,3093,2996,779,30,103,37.0,0.03937007874015748,0.13517060367454067,0.048556430446194225
CHN-PRK,202604,929,3.212210063677161,-10.0,3904,3753,1014,18,148,32.0,0.0193756727664155,0.15931108719052745,0.03444564047362755
CHN-PRK,202605,763,3.510692182168664,-10.0,3194,3088,796,17,131,35.0,0.022280471821756225,0.17169069462647443,0.045871559633027525
CHN-PRK,202606,3025,3.2947338025259634,-10.0,13200,12704,3164,85,421,115.0,0.02809917355371901,0.13917355371900827,0.03801652892561983
CHN-PRK,202607,966,2.7648652049960614,-10.0,4127,4016,995,2,153,10.0,0.002070393374741201,0.15838509316770186,0.010351966873706004
CHN-TWN,201501,84,3.96518338650092,-6.5,343,315,94,0,34,4.0,0.0,0.4047619047619047,0.0476190476190476
CHN-TWN,201502,412,3.7393701576993856,-10.0,1887,1872,442,13,98,24.0,0.0315533980582524,0.2378640776699029,0.058252427184466
CHN-TWN,201503,2844,3.831813073872495,-10.0,12841,12719,2984,58,703,134.0,0.020393811533052,0.2471870604781997,0.0471167369901547
CHN-TWN,201504,2186,3.89337930452739,-10.0,10084,9977,2337,59,509,123.0,0.0269899359560841,0.2328453796889295,0.056267154620311
CHN-TWN,201505,3439,3.625476244998053,-10.0,14692,14615,3867,67,700,153.0,0.0194824076766501,0.2035475428903751,0.0444896772317534
CHN-TWN,201506,2010,3.871071497019925,-10.0,9208,9145,2175,51,479,129.0,0.0253731343283582,0.2383084577114428,0.0641791044776119
CHN-TWN,201507,2058,4.119105682374073,-10.0,8923,8798,2104,64,593,111.0,0.0310981535471331,0.2881438289601555,0.053935860058309
CHN-TWN,201508,2657,3.9586294940855375,-10.0,11599,11386,2773,77,548,147.0,0.0289800526910048,0.2062476477229958,0.0553255551373729
CHN-TWN,201509,2716,4.181861385612667,-10.0,12192,11777,2820,109,732,286.0,0.0401325478645066,0.2695139911634757,0.1053019145802651
CHN-TWN,201510,2233,3.7327240487443225,-10.0,9341,9209,2347,73,618,131.0,0.0326914464845499,0.2767577250335871,0.0586654724585759
CHN-TWN,201511,12534,3.485790974319344,-10.0,57861,56972,14320,229,2157,490.0,0.0182703047710228,0.172091910004787,0.0390936652305728
CHN-TWN,201512,3531,4.377685054155772,-10.0,15188,15074,3689,130,1129,281.0,0.0368167657887284,0.319739450580572,0.0795808552817898
CHN-TWN,201601,6146,4.092150096098117,-10.0,27395,27224,6700,158,2296,401.0,0.0257077774162056,0.3735763097949886,0.0652456882525219
CHN-TWN,201602,2941,3.99448281060121,-10.0,11754,11698,3057,73,973,149.0,0.0248214892893573,0.3308398503910235,0.0506630397823869
CHN-TWN,201603,3019,3.8365679843466753,-10.0,13852,13661,3269,46,1096,187.0,0.0152368333885392,0.36303411725737,0.0619410400794965
CHN-TWN,201604,4982,4.238316177193438,-10.0,23822,23513,5753,161,1976,654.0,0.0323163388197511,0.3966278602970694,0.1312725812926535
CHN-TWN,201605,5186,4.095879580226554,-10.0,24487,23686,5615,144,2006,397.0,0.0277670651754724,0.3868106440416506,0.0765522560740455
CHN-TWN,201606,3662,4.197257044298218,-10.0,18060,17603,4055,69,1458,371.0,0.0188421627525942,0.3981430912069907,0.1013107591480065
CHN-TWN,201607,3392,4.50554770275441,-10.0,16091,15742,3526,327,1264,438.0,0.0964033018867924,0.3726415094339622,0.129127358490566
CHN-TWN,201608,2426,4.344105113215574,-10.0,11255,11027,2658,125,779,255.0,0.0515251442704039,0.3211046990931575,0.105111294311624
CHN-TWN,201609,3212,4.096757906797329,-10.0,14155,13758,3373,107,1128,263.0,0.0333125778331257,0.3511830635118306,0.0818804483188044
CHN-TWN,201610,2620,3.978229327627508,-10.0,11719,11414,2737,119,767,244.0,0.0454198473282442,0.2927480916030534,0.0931297709923664
CHN-TWN,201611,2948,3.5385538537978216,-10.0,13267,12992,3158,34,823,182.0,0.0115332428765264,0.2791723202170963,0.0617367706919945
CHN-TWN,201612,12827,3.9502900998820025,-10.0,55485,54778,14070,236,5541,971.0,0.018398690262727,0.4319794184142824,0.0756996959538473
CHN-TWN,201701,6856,4.083902270660661,-10.0,31264,30775,7898,189,2792,621.0,0.0275670945157526,0.4072345390898483,0.0905775962660443
CHN-TWN,201702,3741,4.225854926180726,-10.0,16037,15797,4156,158,1471,325.0,0.0422346966051857,0.3932103715584068,0.0868751670676289
CHN-TWN,201703,3809,4.005825107328153,-10.0,17472,17132,4127,103,1719,411.0,0.027041218167498,0.4512995536886321,0.1079023365712785
CHN-TWN,201704,2991,4.062961509593717,-10.0,12025,11823,3250,73,1095,328.0,0.0244065529923102,0.3660982948846539,0.1096623202942159
CHN-TWN,201705,2983,4.350333974707708,-10.0,14844,14728,3374,162,1226,443.0,0.0543077438819979,0.4109956419711699,0.1485082132081797
CHN-TWN,201706,2981,4.261633433670048,-10.0,13733,13450,3397,100,1110,303.0,0.0335457900033545,0.3723582690372358,0.1016437437101643
CHN-TWN,201707,2685,4.0528925905386135,-10.0,11380,11062,2956,66,945,231.0,0.0245810055865921,0.3519553072625698,0.0860335195530726
CHN-TWN,201708,1592,4.203882392252997,-10.0,7041,6889,1686,39,625,177.0,0.0244974874371859,0.3925879396984925,0.111180904522613
CHN-TWN,201709,2281,4.083889817928336,-10.0,9451,9290,2491,35,981,366.0,0.0153441473038141,0.4300745287154757,0.1604559403770276
CHN-TWN,201710,2115,4.086462894346834,-10.0,9383,9210,2265,78,819,207.0,0.0368794326241134,0.3872340425531915,0.0978723404255319
CHN-TWN,201711,2096,4.169879807532343,-10.0,9338,9213,2391,56,897,407.0,0.0267175572519083,0.4279580152671756,0.1941793893129771
CHN-TWN,201712,2281,4.560357867042148,-10.0,11046,10881,2643,115,975,369.0,0.0504164839982463,0.4274441034633932,0.1617711530030688
CHN-TWN,201801,2552,4.242867475465246,-10.0,12070,11760,2664,105,1009,281.0,0.0411442006269592,0.3953761755485893,0.1101097178683385
CHN-TWN,201802,1621,4.258754816791659,-10.0,7201,7079,1757,57,485,170.0,0.0351634793337446,0.2991980259099321,0.1048735348550277
CHN-TWN,201803,3985,4.326310447628607,-10.0,17900,17536,4405,138,1584,389.0,0.0346298619824341,0.3974905897114178,0.0976160602258469
CHN-TWN,201804,3236,4.760652340550835,-10.0,15319,15056,3464,172,1294,500.0,0.0531520395550061,0.399876390605686,0.1545117428924598
CHN-TWN,201805,4105,4.412249981657279,-10.0,20035,19770,4688,169,1806,538.0,0.0411693057247259,0.4399512789281364,0.1310596833130329
CHN-TWN,201806,3191,4.525176401463858,-10.0,13296,13069,3431,187,1249,418.0,0.05860231902225,0.3914133500470072,0.1309934189909119
CHN-TWN,201807,2718,4.183661851912691,-10.0,13250,12938,2913,105,1105,284.0,0.0386313465783664,0.4065489330389992,0.1044885945548197
CHN-TWN,201808,3501,4.477605783365733,-10.0,16017,15822,3843,160,1552,410.0,0.0457012282205084,0.4433019137389317,0.1171093973150528
CHN-TWN,201809,2756,4.133292986144488,-10.0,13252,13165,3136,76,1336,336.0,0.0275761973875181,0.4847605224963715,0.1219158200290275
CHN-TWN,201810,3424,4.404909398623558,-10.0,14167,14039,3674,122,1604,456.0,0.0356308411214953,0.4684579439252336,0.1331775700934579
CHN-TWN,201811,2810,4.130724863869454,-10.0,11496,11336,3032,69,1240,332.0,0.0245551601423487,0.4412811387900356,0.1181494661921708
CHN-TWN,201812,1578,4.300577626378967,-10.0,6555,6430,1658,61,583,208.0,0.0386565272496831,0.3694550063371356,0.1318124207858048
CHN-TWN,201901,4737,4.26964709677223,-10.0,22031,21615,4981,185,2016,452.0,0.0390542537470973,0.4255858138062064,0.0954190415875026
CHN-TWN,201902,2074,4.715487433716122,-10.0,9004,8803,2172,134,754,285.0,0.064609450337512,0.3635486981677917,0.1374156219864995
CHN-TWN,201903,3123,3.938001116704706,-10.0,12375,12196,3239,94,1073,258.0,0.0300992635286583,0.3435798911303234,0.0826128722382324
CHN-TWN,201904,2792,4.338226343742014,-10.0,11510,11357,2872,113,1218,274.0,0.0404727793696275,0.4362464183381089,0.0981375358166189
CHN-TWN,201905,2517,4.415408264475421,-10.0,10746,10637,2688,114,958,285.0,0.0452920143027413,0.3806118394914581,0.1132300357568533
CHN-TWN,201906,3297,4.247034269332133,-10.0,13660,13534,3565,81,1330,282.0,0.024567788898999,0.4033970276008493,0.0855323020928116
CHN-TWN,201907,4155,4.632556519697483,-10.0,20614,20012,4552,184,1741,543.0,0.0442839951865222,0.4190132370637786,0.1306859205776173
CHN-TWN,201908,2990,4.394796587605366,-10.0,13404,13080,3153,123,1280,384.0,0.0411371237458194,0.4280936454849498,0.1284280936454849
CHN-TWN,201909,3102,4.408222885218444,-10.0,12870,12787,3210,169,1378,463.0,0.0544809800128949,0.4442295293359123,0.1492585428755641
CHN-TWN,201910,2480,4.283916187053089,-10.0,10344,10243,2580,121,1140,307.0,0.0487903225806451,0.4596774193548387,0.1237903225806451
CHN-TWN,201911,2297,4.156884200415922,-10.0,9578,9530,2499,117,1033,266.0,0.0509360034828036,0.4497170222028733,0.1158032215933826
CHN-TWN,201912,2203,4.348503174710357,-10.0,8743,8692,2334,132,915,228.0,0.0599182932364956,0.4153427144802541,0.1034952337721289
CHN-TWN,202001,4515,4.024115405214491,-10.0,19684,19484,4928,128,1788,416.0,0.0283499446290143,0.3960132890365448,0.0921373200442967
CHN-TWN,202002,3369,4.343193025749318,-10.0,15700,15527,3564,187,1358,649.0,0.0555060848916592,0.4030869694271297,0.1926387652122291
CHN-TWN,202003,2483,4.204723215972751,-10.0,10959,10890,2544,108,1089,429.0,0.0434957712444623,0.4385823600483286,0.1727748691099476
CHN-TWN,202004,2708,4.163987416846011,-10.0,11360,11313,2795,115,1381,391.0,0.0424667651403249,0.509970457902511,0.1443870014771048
CHN-TWN,202005,4682,4.185973008833538,-10.0,20857,20626,4986,151,2247,370.0,0.0322511747116616,0.4799231097821443,0.0790260572404955
CHN-TWN,202006,2805,4.626347543210753,-10.0,11572,11434,2884,180,1245,395.0,0.0641711229946524,0.4438502673796791,0.1408199643493761
CHN-TWN,202007,2896,4.662478079171848,-10.0,12095,11869,3062,175,1312,407.0,0.0604281767955801,0.4530386740331492,0.1405386740331491
CHN-TWN,202008,5233,4.519374231304472,-10.0,21745,21450,5549,372,1988,694.0,0.0710873304032104,0.3798968087139308,0.1326199120963118
CHN-TWN,202009,5901,4.632730887398483,-10.0,26705,26198,6429,432,2369,855.0,0.0732079308591764,0.4014573801050669,0.1448906964921199
CHN-TWN,202010,3734,4.769787406966486,-10.0,16708,16483,3985,317,1702,600.0,0.0848955543652919,0.4558114622388859,0.1606855918585966
CHN-TWN,202011,1972,4.591082069815088,-10.0,8318,8189,2051,123,854,283.0,0.0623732251521298,0.4330628803245436,0.1435091277890466
CHN-TWN,202012,2027,4.640490050885116,-10.0,8589,8513,2107,149,900,390.0,0.0735076467686235,0.4440059200789344,0.1924025653675382
CHN-TWN,202101,3910,4.552925003390516,-10.0,16645,16489,4088,228,1655,490.0,0.058312020460358,0.4232736572890025,0.1253196930946291
CHN-TWN,202102,2263,4.383175238428063,-10.0,9868,9761,2405,92,1063,289.0,0.0406539991162174,0.4697304463102077,0.1277065841802916
CHN-TWN,202103,3483,4.515898561848364,-10.0,14814,14595,3695,204,1601,530.0,0.0585701981050818,0.4596612115991961,0.1521676715475165
CHN-TWN,202104,3853,4.6980680611212255,-10.0,17263,17113,4142,357,1957,669.0,0.0926550739683363,0.5079159096807683,0.1736309369322606
CHN-TWN,202105,3142,4.496633053649336,-10.0,14086,13868,3255,193,1442,355.0,0.0614258434118395,0.4589433481858688,0.1129853596435391
CHN-TWN,202106,3519,4.535658323982223,-10.0,15165,15024,3814,197,1704,495.0,0.055981813015061,0.484228473998295,0.1406649616368286
CHN-TWN,202107,2171,4.670274876770939,-10.0,9234,9095,2264,156,1082,267.0,0.0718562874251497,0.4983878397052049,0.1229847996315062
CHN-TWN,202108,2013,4.671464677314864,-10.0,8989,8849,2114,152,829,273.0,0.0755091902632886,0.4118231495280675,0.1356184798807749
CHN-TWN,202109,3221,4.637771049910527,-10.0,15345,15088,3461,224,1589,552.0,0.0695436199937907,0.4933250543309531,0.1713753492704129
CHN-TWN,202110,9155,4.857072072279751,-10.0,42109,41544,9656,888,4288,1531.0,0.0969961769524849,0.4683779355543419,0.1672310212998361
CHN-TWN,202111,5747,4.527386753256728,-10.0,26160,25753,6032,361,2634,805.0,0.0628153819384026,0.4583260831738298,0.1400730816077953
CHN-TWN,202112,3584,4.6866443718914494,-10.0,15451,15221,3726,287,1406,540.0,0.080078125,0.3922991071428571,0.1506696428571428
CHN-TWN,202201,2920,4.681977675110337,-10.0,13320,13096,2989,202,1287,454.0,0.0691780821917808,0.4407534246575342,0.1554794520547945
CHN-TWN,202202,2673,4.510722586924676,-10.0,11831,11700,2778,186,1156,292.0,0.0695847362514029,0.4324728769173213,0.1092405536849981
CHN-TWN,202203,3680,4.531761272860956,-10.0,16149,16007,3789,277,1703,501.0,0.0752717391304347,0.4627717391304348,0.1361413043478261
CHN-TWN,202204,3174,4.527348569283239,-10.0,14348,14057,3283,219,1228,534.0,0.0689981096408317,0.3868935097668557,0.1682419659735349
CHN-TWN,202205,4366,4.787859699430166,-10.0,19161,19001,4575,449,2137,718.0,0.102840128263857,0.4894640403114979,0.1644525881814017
CHN-TWN,202206,4479,4.796950110731597,-10.0,19382,19204,4690,370,2129,650.0,0.0826077249386023,0.4753293145791471,0.1451216789461933
CHN-TWN,202207,5301,4.550216745220438,-10.0,25232,24797,5582,334,2099,708.0,0.0630069798151292,0.3959630258441803,0.1335597057159026
CHN-TWN,202208,26142,4.928169015442765,-10.0,129668,127879,27581,2602,10804,5603.0,0.0995333180322852,0.4132813097697192,0.2143294315660622
CHN-TWN,202209,5375,4.857630333493563,-10.0,24288,24075,5547,533,2157,924.0,0.0991627906976744,0.4013023255813953,0.171906976744186
CHN-TWN,202210,4460,4.627291208463682,-10.0,20082,19766,4661,332,1802,574.0,0.074439461883408,0.4040358744394619,0.1286995515695067
CHN-TWN,202211,3975,4.55500520975917,-10.0,18186,17988,4162,253,1574,479.0,0.0636477987421383,0.3959748427672956,0.120503144654088
CHN-TWN,202212,3794,4.54614848515941,-10.0,18428,18223,4099,205,1599,509.0,0.0540326831839746,0.4214549288350026,0.1341591987348445
CHN-TWN,202301,3435,4.788545961909093,-10.0,15800,15668,3615,271,1365,505.0,0.0788937409024745,0.3973799126637554,0.1470160116448326
CHN-TWN,202302,3388,4.537997738159581,-10.0,14069,13893,3529,225,1269,423.0,0.0664108618654073,0.3745572609208973,0.1248524203069657
CHN-TWN,202303,8571,4.026074635562782,-10.0,34734,34112,9211,306,3100,792.0,0.0357017850892544,0.3616847509042118,0.0924046202310115
CHN-TWN,202304,16695,4.756532456923048,-10.0,71012,69887,17768,1510,7017,3062.0,0.0904462413896376,0.4203054806828392,0.1834082060497154
CHN-TWN,202305,4983,4.652443350574792,-10.0,22267,21892,5292,333,1997,682.0,0.0668272125225767,0.4007625928155729,0.1368653421633554
CHN-TWN,202306,6030,4.405622298594946,-10.0,25034,24642,6331,306,2457,700.0,0.0507462686567164,0.4074626865671641,0.1160862354892205
CHN-TWN,202307,3832,4.780294632841445,-10.0,17808,17269,4070,273,1625,632.0,0.0712421711899791,0.4240605427974948,0.1649269311064718
CHN-TWN,202308,5632,4.551131908985313,-10.0,24654,24288,5864,323,2562,755.0,0.0573508522727272,0.4549005681818182,0.1340553977272727
CHN-TWN,202309,5186,4.543576555659553,-10.0,21968,21759,5379,336,2386,679.0,0.064789818742769,0.4600848438102584,0.1309294253760123
CHN-TWN,202310,3485,4.4871056924832375,-10.0,14400,14294,3654,188,1527,363.0,0.0539454806312769,0.4381635581061693,0.1041606886657101
CHN-TWN,202311,3554,4.386097705846135,-10.0,14721,14591,3740,183,1465,349.0,0.0514912774338773,0.4122115925717501,0.0981992121553179
CHN-TWN,202312,3857,4.198317738640086,-10.0,16833,16640,4036,187,1762,378.0,0.0484832771584132,0.4568317345086855,0.0980036297640653
CHN-TWN,202401,9300,4.216187438050052,-10.0,42049,41768,9883,381,4485,825.0,0.0409677419354838,0.482258064516129,0.0887096774193548
CHN-TWN,202402,3994,4.239839187158135,-10.0,17456,17246,4141,234,1857,404.0,0.0585878818227341,0.4649474211316975,0.101151727591387
CHN-TWN,202403,3860,4.364699958478655,-10.0,16577,16350,3999,187,1623,389.0,0.0484455958549222,0.4204663212435233,0.1007772020725388
CHN-TWN,202404,5100,3.7580798991271496,-10.0,21364,21075,5277,126,1639,313.0,0.0247058823529411,0.3213725490196078,0.0613725490196078
CHN-TWN,202405,6929,4.560290369791819,-10.0,32847,32207,7170,445,3333,1143.0,0.0642228315774282,0.4810217924664454,0.1649588685235964
CHN-TWN,202406,4645,4.387009558792896,-10.0,21336,20966,4742,231,2249,649.0,0.0497308934337997,0.4841765339074273,0.1397201291711517
CHN-TWN,202407,4150,4.818997708325445,-10.0,19222,18918,4306,340,1883,783.0,0.0819277108433735,0.4537349397590361,0.1886746987951807
CHN-TWN,202408,3215,4.678232603494903,-10.0,14223,14002,3339,256,1351,558.0,0.0796267496111975,0.4202177293934681,0.173561430793157
CHN-TWN,202409,3633,4.163807410768466,-10.0,16452,16306,3728,107,1823,480.0,0.0294522433250756,0.5017891549683458,0.1321222130470685
CHN-TWN,202410,5697,4.703702207160338,-10.0,26947,26684,5899,341,3045,991.0,0.059856064595401,0.5344918378093734,0.1739512023872213
CHN-TWN,202411,3456,4.346335564362623,-10.0,14204,14051,3536,151,1507,434.0,0.0436921296296296,0.4360532407407407,0.1255787037037037
CHN-TWN,202412,4640,4.357005512718276,-10.0,21093,20870,4819,209,2001,640.0,0.0450431034482758,0.43125,0.1379310344827586
CHN-TWN,202501,3365,4.402417835926541,-10.0,14579,14376,3456,222,1487,476.0,0.0659732540861812,0.4419019316493313,0.1414561664190193
CHN-TWN,202502,2992,4.425314352143275,-10.0,13425,13268,3069,231,1656,530.0,0.0772058823529411,0.553475935828877,0.177139037433155
CHN-TWN,202503,3112,4.261169310581376,-10.0,13445,13301,3180,143,1668,496.0,0.0459511568123393,0.5359897172236504,0.1593830334190231
CHN-TWN,202504,3831,4.658161020720206,-10.0,16027,15777,3949,215,1981,688.0,0.0561211172017749,0.5170973636126338,0.17958757504568
CHN-TWN,202505,3226,4.47249352685133,-10.0,13909,13615,3313,189,1463,457.0,0.0585864848109113,0.45350278983261,0.1416615003099814
CHN-TWN,202506,1454,4.233497109681925,-10.0,6464,6375,1473,77,782,230.0,0.0529573590096286,0.5378266850068776,0.1581843191196698
CHN-TWN,202507,2669,4.620299630124332,-10.0,12277,12166,2740,231,1355,527.0,0.0865492693892843,0.5076807793180966,0.197452229299363
CHN-TWN,202508,2186,4.028187861723875,-10.0,9158,9064,2278,86,982,191.0,0.0393412625800548,0.4492223238792315,0.0873741994510521
CHN-TWN,202509,2630,4.364693989635362,-10.0,11426,11382,2692,159,1161,297.0,0.0604562737642585,0.4414448669201521,0.1129277566539923
CHN-TWN,202510,3588,3.9269634489125935,-10.0,14959,14789,3689,142,1548,309.0,0.0395763656633221,0.431438127090301,0.0861204013377926
CHN-TWN,202511,4196,4.290556429126125,-10.0,18220,17990,4332,318,2091,459.0,0.0757864632983794,0.4983317445185891,0.1093898951382268
CHN-TWN,202512,4540,4.6861395832299175,-10.0,21255,20999,4719,392,2460,860.0,0.0863436123348017,0.5418502202643172,0.1894273127753304
CHN-TWN,202602,2598,4.454393522758246,-10.0,10925,10695,2689,133,1086,300.0,0.051193225558121634,0.418013856812933,0.11547344110854503
CHN-TWN,202603,2267,4.14092604319961,-10.0,10400,10204,2358,120,936,200.0,0.0529333921482135,0.41288045875606527,0.08822232024702249
CHN-TWN,202604,4315,3.6393347533010054,-10.0,19970,19619,4626,116,1444,309.0,0.026882966396292004,0.33464658169177286,0.07161066048667439
CHN-TWN,202605,7575,3.979461503036915,-10.0,29896,29424,7950,230,3027,466.0,0.030363036303630363,0.3996039603960396,0.06151815181518152
CHN-TWN,202606,2995,4.1965101226694275,-10.0,13701,13527,3110,179,1432,368.0,0.05976627712854758,0.47813021702838066,0.12287145242070117
CHN-TWN,202607,2366,4.120032729875109,-10.0,9957,9875,2432,132,1170,301.0,0.055790363482671176,0.4945054945054945,0.12721893491124261
CHN-VNM,201501,34,2.34148245924497,-5.0,117,117,34,0,3,1.0,0.0,0.088235294117647,0.0294117647058823
CHN-VNM,201502,317,4.716015439034473,-10.0,1263,1263,405,27,126,41.0,0.085173501577287,0.3974763406940063,0.1293375394321766
CHN-VNM,201503,1160,4.651877643113356,-10.0,4585,4519,1214,88,393,125.0,0.0758620689655172,0.3387931034482758,0.1077586206896551
CHN-VNM,201504,2399,4.286570081546492,-10.0,9195,8883,2536,158,531,208.0,0.0658607753230512,0.2213422259274697,0.0867027928303459
CHN-VNM,201505,1903,4.750127995242341,-10.0,7543,7485,2119,144,671,298.0,0.0756699947451392,0.3526011560693641,0.1565948502364687
CHN-VNM,201506,1840,4.961690517297641,-10.0,7495,7332,1981,203,503,253.0,0.1103260869565217,0.2733695652173913,0.1375
CHN-VNM,201507,1851,4.482198170485043,-10.0,7244,7118,1968,137,433,194.0,0.0740140464613722,0.2339276066990815,0.1048082117774176
CHN-VNM,201508,1329,4.1272052892260245,-10.0,5022,4896,1411,47,314,85.0,0.0353649360421369,0.236267870579383,0.0639578630549285
CHN-VNM,201509,1606,4.584942667731011,-10.0,6014,5903,1674,139,429,201.0,0.0865504358655043,0.2671232876712329,0.1251556662515566
CHN-VNM,201510,2242,4.3894240145102525,-10.0,8459,8283,2413,140,740,194.0,0.0624442462087421,0.3300624442462087,0.0865298840321141
CHN-VNM,201511,4998,3.649257167448669,-10.0,19422,18571,5267,162,908,215.0,0.0324129651860744,0.181672669067627,0.0430172068827531
CHN-VNM,201512,1669,4.3698590695146216,-10.0,6439,6154,1741,112,442,166.0,0.0671060515278609,0.2648292390653086,0.0994607549430796
CHN-VNM,201601,4317,4.068235178822528,-10.0,16301,16155,4806,207,2512,252.0,0.0479499652536483,0.5818855686819551,0.0583738707435719
CHN-VNM,201602,2621,4.338725799340608,-10.0,8624,8490,2713,217,1350,258.0,0.0827928271652041,0.5150705837466616,0.0984357115604731
CHN-VNM,201603,2821,4.792837190146031,-10.0,9717,9577,2926,272,745,323.0,0.0964197093229351,0.2640907479617157,0.1144984048209854
CHN-VNM,201604,2305,4.672689639081961,-10.0,8361,8306,2475,203,775,356.0,0.0880694143167028,0.3362255965292842,0.1544468546637744
CHN-VNM,201605,3484,4.932355824863965,-10.0,12736,12461,3764,432,1086,584.0,0.1239954075774971,0.3117106773823191,0.1676234213547646
CHN-VNM,201606,2328,4.480857130323032,-10.0,8598,8392,2502,152,581,245.0,0.0652920962199312,0.2495704467353952,0.1052405498281787
CHN-VNM,201607,3416,4.788059214975825,-10.0,13399,13100,3863,290,1489,420.0,0.0848946135831381,0.4358899297423887,0.1229508196721311
CHN-VNM,201608,2183,4.895859787951877,-10.0,7921,7591,2216,257,669,358.0,0.1177278973889143,0.3064590013742556,0.1639945029775538
CHN-VNM,201609,4661,3.4739635496762364,-10.0,15573,14909,4813,146,691,232.0,0.0313237502681827,0.1482514481870843,0.0497747264535507
CHN-VNM,201610,1712,4.347626440632583,-10.0,5767,5693,1757,109,472,155.0,0.0636682242990654,0.2757009345794392,0.0905373831775701
CHN-VNM,201611,1995,3.789476061747574,-10.0,7109,6785,2061,85,357,130.0,0.0426065162907268,0.1789473684210526,0.0651629072681704
CHN-VNM,201612,1566,4.635114402939785,-10.0,5838,5764,1634,125,452,167.0,0.0798212005108556,0.2886334610472541,0.1066411238825031
CHN-VNM,201701,3908,3.8339620470603504,-10.0,15043,14457,4154,138,1091,208.0,0.0353121801432958,0.2791709314227226,0.0532241555783009
CHN-VNM,201702,1194,4.948475115294338,-10.0,3972,3898,1252,112,384,172.0,0.0938023450586264,0.321608040201005,0.1440536013400335
CHN-VNM,201703,1432,4.555552832708788,-10.0,5698,5480,1577,87,435,165.0,0.060754189944134,0.3037709497206703,0.1152234636871508
CHN-VNM,201704,1596,4.097470765931827,-10.0,5315,5014,1639,70,371,142.0,0.043859649122807,0.2324561403508772,0.0889724310776942
CHN-VNM,201705,2592,4.027216078074161,-10.0,8930,8636,2771,113,381,179.0,0.0435956790123456,0.1469907407407407,0.0690586419753086
CHN-VNM,201706,1249,4.190082525951616,-10.0,3986,3939,1304,43,403,89.0,0.0344275420336269,0.3226581265012009,0.0712570056044835
CHN-VNM,201707,1445,5.128150513614773,-10.0,5303,5252,1494,142,502,202.0,0.0982698961937716,0.3474048442906574,0.1397923875432526
CHN-VNM,201708,1536,4.897641634190317,-10.0,5279,5254,1617,120,539,210.0,0.078125,0.3509114583333333,0.13671875
CHN-VNM,201709,1513,4.540376318017673,-10.0,5599,5425,1597,70,430,131.0,0.046265697290152,0.2842035690680766,0.0865829477858559
CHN-VNM,201710,1046,3.5553487320222708,-10.0,3674,3618,1070,31,180,59.0,0.0296367112810707,0.1720841300191204,0.0564053537284894
CHN-VNM,201711,6222,2.9566427124234256,-10.0,20505,19711,6494,110,603,153.0,0.0176792028286724,0.096914175506268,0.0245901639344262
CHN-VNM,201712,1064,3.81045278404548,-10.0,4006,3833,1099,29,221,59.0,0.0272556390977443,0.2077067669172932,0.0554511278195488
CHN-VNM,201801,1546,4.826341962871033,-10.0,6022,5937,1785,160,295,190.0,0.1034928848641656,0.1908150064683053,0.1228978007761966
CHN-VNM,201802,810,4.413352030303825,-10.0,2979,2932,883,42,184,108.0,0.0518518518518518,0.2271604938271605,0.1333333333333333
CHN-VNM,201803,1736,4.108482711533784,-10.0,6183,6038,1873,70,383,145.0,0.0403225806451612,0.2206221198156682,0.0835253456221198
CHN-VNM,201804,1440,4.586205356610838,-10.0,5265,5099,1514,113,376,154.0,0.0784722222222222,0.2611111111111111,0.1069444444444444
CHN-VNM,201805,1594,4.193015965284262,-10.0,5907,5780,1735,58,517,93.0,0.0363864491844416,0.3243412797992471,0.0583437892095357
CHN-VNM,201806,1003,4.9729404536353,-10.0,3811,3533,1089,71,387,126.0,0.0707876370887338,0.3858424725822532,0.1256231306081754
CHN-VNM,201807,1074,4.75082863022566,-10.0,3893,3821,1123,67,269,105.0,0.0623836126629422,0.2504655493482309,0.0977653631284916
CHN-VNM,201808,1130,4.684156079431365,-10.0,4112,4024,1247,93,272,116.0,0.0823008849557522,0.2407079646017699,0.1026548672566371
CHN-VNM,201809,1209,3.606652695337856,-10.0,4208,4113,1237,38,236,59.0,0.0314309346567411,0.19520264681555,0.0488006617038875
CHN-VNM,201810,1473,4.582845622267387,-10.0,6340,6274,2080,131,353,166.0,0.0889341479972844,0.2396469789545146,0.1126951799049558
CHN-VNM,201811,1640,3.6912522905340817,-10.0,5830,5677,1663,30,321,52.0,0.0182926829268292,0.1957317073170731,0.0317073170731707
CHN-VNM,201812,850,4.527642106790635,-10.0,3031,3001,858,42,178,101.0,0.0494117647058823,0.2094117647058823,0.1188235294117647
CHN-VNM,201901,791,4.588851082520475,-10.0,2887,2880,819,65,176,93.0,0.0821744627054361,0.2225031605562579,0.1175726927939317
CHN-VNM,201902,2665,3.59006754884472,-10.0,9722,9524,2974,110,347,207.0,0.0412757973733583,0.1302063789868668,0.0776735459662289
CHN-VNM,201903,1671,4.478416629962684,-10.0,6052,5945,1766,102,508,201.0,0.0610412926391382,0.3040095751047277,0.1202872531418312
CHN-VNM,201904,1057,5.205686436158942,-10.0,4044,3964,1089,122,172,164.0,0.1154210028382213,0.162724692526017,0.1551561021759697
CHN-VNM,201905,1027,4.542757657582879,-10.0,3756,3648,1044,56,243,117.0,0.0545277507302823,0.2366114897760467,0.1139240506329113
CHN-VNM,201906,1282,4.461214367228535,-10.0,4415,4284,1325,39,366,129.0,0.0304212168486739,0.2854914196567862,0.1006240249609984
CHN-VNM,201907,1917,4.36966314624411,-10.0,7337,7069,2025,80,554,142.0,0.0417318727177882,0.2889932185706834,0.074074074074074
CHN-VNM,201908,1530,4.7113930022714126,-10.0,5246,5203,1635,100,582,145.0,0.065359477124183,0.3803921568627451,0.0947712418300653
CHN-VNM,201909,1085,5.209290637525793,-10.0,3846,3823,1110,122,319,167.0,0.112442396313364,0.2940092165898617,0.1539170506912442
CHN-VNM,201910,1456,4.712107981376115,-10.0,5666,5590,1521,99,488,209.0,0.0679945054945054,0.3351648351648351,0.143543956043956
CHN-VNM,201911,1208,4.430332190721913,-10.0,4565,4437,1339,56,350,104.0,0.0463576158940397,0.2897350993377483,0.086092715231788
CHN-VNM,201912,680,4.95688562157809,-10.0,2496,2441,716,63,149,106.0,0.0926470588235294,0.2191176470588235,0.1558823529411764
CHN-VNM,202001,1692,3.476680545764607,-10.0,6905,6775,1937,43,426,203.0,0.0254137115839243,0.25177304964539,0.1199763593380614
CHN-VNM,202002,3136,4.043767878245031,-10.0,12070,11823,3274,108,808,535.0,0.034438775510204,0.2576530612244898,0.1705994897959183
CHN-VNM,202003,806,4.585250078977408,-10.0,3164,3101,824,48,195,114.0,0.0595533498759305,0.2419354838709677,0.141439205955335
CHN-VNM,202004,1794,4.323914450744272,-10.0,6994,6908,1912,87,996,162.0,0.0484949832775919,0.5551839464882943,0.0903010033444816
CHN-VNM,202005,1231,4.659156929974735,-10.0,4582,4476,1277,85,558,205.0,0.0690495532087733,0.4532900081234768,0.1665312753858651
CHN-VNM,202006,930,5.095950719940335,-10.0,3389,3370,985,97,316,130.0,0.1043010752688172,0.3397849462365591,0.1397849462365591
CHN-VNM,202007,1379,4.797166307486536,-10.0,4752,4707,1425,97,569,197.0,0.0703408266860043,0.4126178390137781,0.1428571428571428
CHN-VNM,202008,1438,4.943988703873947,-10.0,5333,5246,1466,116,544,218.0,0.0806675938803894,0.3783031988873435,0.1515994436717663
CHN-VNM,202009,851,4.709515684547168,-10.0,2772,2736,864,64,272,97.0,0.0752056404230317,0.3196239717978848,0.1139835487661574
CHN-VNM,202010,527,4.440186330757116,-10.0,1965,1953,570,28,172,51.0,0.0531309297912713,0.3263757115749525,0.0967741935483871
CHN-VNM,202011,658,3.7996052450886806,-10.0,2246,2200,658,24,172,39.0,0.0364741641337386,0.2613981762917933,0.0592705167173252
CHN-VNM,202012,569,4.497380966221956,-10.0,2011,1982,580,36,126,57.0,0.0632688927943761,0.2214411247803163,0.1001757469244288
CHN-VNM,202101,565,4.514115938234447,-10.0,2105,2084,574,33,124,50.0,0.0584070796460177,0.2194690265486725,0.0884955752212389
CHN-VNM,202102,581,4.527105629640397,-10.0,2466,2440,595,39,139,66.0,0.0671256454388984,0.2392426850258175,0.1135972461273666
CHN-VNM,202103,621,5.232732183536431,-10.0,2084,2049,628,67,190,99.0,0.107890499194847,0.3059581320450886,0.1594202898550724
CHN-VNM,202104,812,4.773178099264618,-10.0,2617,2559,836,81,252,138.0,0.0997536945812807,0.3103448275862069,0.1699507389162561
CHN-VNM,202105,568,4.258056161225616,-10.0,2212,2186,574,22,154,83.0,0.0387323943661971,0.2711267605633803,0.1461267605633802
CHN-VNM,202106,614,4.848653079910023,-10.0,2444,2369,636,49,134,75.0,0.0798045602605863,0.2182410423452769,0.1221498371335504
CHN-VNM,202107,584,4.580286495820606,-10.0,2188,2169,653,38,202,62.0,0.0650684931506849,0.3458904109589041,0.1061643835616438
CHN-VNM,202108,1365,4.14056218491625,-10.0,3931,3870,1453,66,296,92.0,0.0483516483516483,0.2168498168498168,0.0673992673992674
CHN-VNM,202109,1569,4.053536891669259,-10.0,5532,5424,1640,75,284,92.0,0.0478011472275334,0.1810070108349267,0.058636073932441
CHN-VNM,202110,330,5.062616883757523,-10.0,1133,1107,332,30,99,37.0,0.0909090909090909,0.3,0.1121212121212121
CHN-VNM,202111,509,5.300641313894689,-10.0,1703,1670,539,64,140,82.0,0.1257367387033398,0.275049115913556,0.1611001964636542
CHN-VNM,202112,733,4.853571746002521,-10.0,2892,2840,770,48,125,95.0,0.0654843110504774,0.1705320600272851,0.1296043656207367
CHN-VNM,202201,825,4.608797109582209,-10.0,3019,2952,833,60,158,89.0,0.0727272727272727,0.1915151515151515,0.1078787878787878
CHN-VNM,202202,441,4.740930029305926,-10.0,1702,1648,455,26,98,40.0,0.0589569160997732,0.2222222222222222,0.0907029478458049
CHN-VNM,202203,518,4.691833740320994,-10.0,1999,1979,538,32,200,68.0,0.0617760617760617,0.3861003861003861,0.1312741312741312
CHN-VNM,202204,597,3.939502806236797,-10.0,2219,2176,621,23,99,53.0,0.0385259631490787,0.1658291457286432,0.0887772194304857
CHN-VNM,202205,401,4.793002042410749,-10.0,1427,1408,401,26,96,61.0,0.0648379052369077,0.2394014962593516,0.1521197007481296
CHN-VNM,202206,704,4.909516854853703,-10.0,2819,2756,739,46,199,75.0,0.065340909090909,0.2826704545454545,0.1065340909090909
CHN-VNM,202207,766,4.3549538965037335,-10.0,3047,2988,769,40,145,67.0,0.052219321148825,0.1892950391644908,0.0874673629242819
CHN-VNM,202208,524,4.235679759509602,-10.0,2318,2264,547,23,89,35.0,0.0438931297709923,0.1698473282442748,0.0667938931297709
CHN-VNM,202209,629,4.275383246771863,-10.0,2514,2452,631,37,95,52.0,0.0588235294117647,0.151033386327504,0.0826709062003179
CHN-VNM,202210,946,4.362859821686386,-10.0,4362,4198,992,72,103,101.0,0.0761099365750528,0.1088794926004228,0.1067653276955602
CHN-VNM,202211,1486,3.726323449212551,-10.0,5893,5534,1518,57,168,78.0,0.0383580080753701,0.1130551816958277,0.0524899057873485
CHN-VNM,202212,555,3.52399763608356,-10.0,2037,1975,573,16,54,17.0,0.0288288288288288,0.0972972972972973,0.0306306306306306
CHN-VNM,202301,1220,3.610300364700368,-10.0,5010,4579,1239,33,156,61.0,0.0270491803278688,0.1278688524590163,0.05
CHN-VNM,202302,645,4.558604871715293,-10.0,2441,2318,646,47,93,61.0,0.0728682170542635,0.1441860465116279,0.0945736434108527
CHN-VNM,202303,2083,3.913631793724401,-10.0,11434,11117,2098,70,287,106.0,0.0336053768602976,0.1377820451272203,0.0508881421027364
CHN-VNM,202304,3615,4.295563209718372,-10.0,19673,18789,3636,121,849,526.0,0.0334716459197787,0.2348547717842323,0.1455048409405256
CHN-VNM,202305,1637,4.227006755202361,-10.0,8754,8547,1656,61,393,118.0,0.0372632864996945,0.240073304825901,0.0720830788026878
CHN-VNM,202306,4002,3.105613789939306,-10.0,22369,21274,4056,54,471,106.0,0.0134932533733133,0.1176911544227886,0.0264867566216891
CHN-VNM,202307,2429,4.463248657715408,-10.0,9642,9463,2466,142,802,480.0,0.0584602717167558,0.3301770275833676,0.1976121860848085
CHN-VNM,202308,1605,4.080440316809714,-10.0,7483,7406,1645,83,348,142.0,0.0517133956386292,0.216822429906542,0.0884735202492211
CHN-VNM,202309,4621,3.67435536323635,-10.0,19720,19010,4797,186,861,245.0,0.0402510279160354,0.1863233066435836,0.0530188270937026
CHN-VNM,202310,2720,3.144435128239554,-10.0,12999,12687,2785,78,373,94.0,0.0286764705882352,0.1371323529411764,0.0345588235294117
CHN-VNM,202311,2420,3.591240913192537,-10.0,13573,13177,2473,77,321,206.0,0.0318181818181818,0.1326446280991735,0.0851239669421487
CHN-VNM,202312,5289,3.229405339451804,-10.0,20852,19875,5525,107,649,194.0,0.0202306674229532,0.1227075061448288,0.0366799016827377
CHN-VNM,202401,1226,3.725546132325608,-10.0,4447,4283,1263,19,237,80.0,0.0154975530179445,0.1933115823817292,0.065252854812398
CHN-VNM,202402,881,3.3532403468055247,-10.0,3079,3036,912,8,158,42.0,0.0090805902383654,0.1793416572077185,0.0476730987514188
CHN-VNM,202403,979,3.528766212134649,-10.0,3794,3672,1009,14,170,43.0,0.0143003064351378,0.1736465781409601,0.0439223697650663
CHN-VNM,202404,2103,3.436116317351589,-10.0,7430,7105,2164,37,228,71.0,0.0175939134569662,0.108416547788873,0.0337612933903946
CHN-VNM,202405,853,4.01694926825714,-10.0,2915,2849,879,22,186,52.0,0.025791324736225,0.2180539273153575,0.0609613130128956
CHN-VNM,202406,1632,3.5742177992321573,-10.0,5849,5564,1682,43,348,82.0,0.0263480392156862,0.213235294117647,0.0502450980392156
CHN-VNM,202407,1115,3.9443885984184655,-10.0,3941,3859,1132,42,209,69.0,0.0376681614349775,0.1874439461883408,0.0618834080717488
CHN-VNM,202408,2897,3.292600113550872,-10.0,10580,10184,3006,49,377,93.0,0.0169140490162236,0.1301346220227822,0.0321021746634449
CHN-VNM,202409,885,3.592201433436011,-10.0,3400,3287,912,28,123,51.0,0.031638418079096,0.1389830508474576,0.0576271186440678
CHN-VNM,202410,2358,4.57204408086216,-10.0,8108,7848,2415,206,534,228.0,0.0873621713316369,0.2264631043256997,0.0966921119592875
CHN-VNM,202411,1017,3.9192376331557393,-10.0,3475,3406,1031,40,169,55.0,0.039331366764995,0.1661750245821042,0.0540806293018682
CHN-VNM,202412,865,4.155508807853929,-10.0,3559,3402,883,37,181,80.0,0.0427745664739884,0.2092485549132948,0.0924855491329479
CHN-VNM,202501,999,3.741546939724193,-10.0,3726,3653,1014,27,213,53.0,0.027027027027027,0.2132132132132132,0.053053053053053
CHN-VNM,202502,774,4.172985937782744,-10.0,2567,2545,778,30,175,49.0,0.0387596899224806,0.2260981912144702,0.0633074935400516
CHN-VNM,202503,752,4.141773033695982,-10.0,2586,2535,811,28,196,45.0,0.0372340425531914,0.2606382978723404,0.0598404255319149
CHN-VNM,202504,5221,3.399760908513384,-10.0,18676,18089,5507,99,816,198.0,0.0189618846964183,0.1562918981038115,0.0379237693928366
CHN-VNM,202505,1360,3.8855175448518793,-10.0,4554,4471,1403,30,364,62.0,0.0220588235294117,0.2676470588235294,0.0455882352941176
CHN-VNM,202506,277,3.9104232552314175,-10.0,880,878,277,17,42,19.0,0.0613718411552346,0.151624548736462,0.0685920577617328
CHN-VNM,202507,931,3.71313879317757,-10.0,3208,3159,952,25,144,60.0,0.0268528464017185,0.154672395273899,0.0644468313641246
CHN-VNM,202508,947,3.4363348055668985,-10.0,3440,3359,949,28,139,46.0,0.0295670538542766,0.146779303062302,0.0485744456177402
CHN-VNM,202509,1258,3.56472848047133,-10.0,4133,3998,1263,49,162,70.0,0.0389507154213036,0.1287758346581876,0.0556438791732909
CHN-VNM,202510,541,3.9625715687408136,-10.0,1844,1829,553,12,104,36.0,0.022181146025878,0.1922365988909427,0.066543438077634
CHN-VNM,202511,644,3.714400676275338,-10.0,2483,2386,646,11,100,33.0,0.0170807453416149,0.15527950310559,0.0512422360248447
CHN-VNM,202512,442,4.557491683593571,-10.0,1535,1489,451,35,88,45.0,0.0791855203619909,0.1990950226244343,0.1018099547511312
CHN-VNM,202602,452,4.777041632499011,-10.0,1423,1414,468,45,66,51.0,0.09955752212389381,0.14601769911504425,0.11283185840707964
CHN-VNM,202603,1013,3.754353177225453,-10.0,3620,3444,1017,40,97,53.0,0.039486673247778874,0.09575518262586377,0.05231984205330701
CHN-VNM,202604,1245,3.107400800220238,-10.0,5034,4853,1286,23,103,40.0,0.018473895582329317,0.08273092369477912,0.0321285140562249
CHN-VNM,202605,417,4.438191099653227,-10.0,1441,1430,419,22,92,53.0,0.05275779376498801,0.22062350119904076,0.12709832134292565
CHN-VNM,202606,393,4.067226031973168,-10.0,1391,1341,406,15,87,35.0,0.03816793893129771,0.22137404580152673,0.089058524173028
CHN-VNM,202607,533,4.68745565793187,-10.0,2027,1967,533,31,155,43.0,0.058161350844277676,0.29080675422138835,0.08067542213883677
JPN-KOR,201501,172,2.787299009384148,-10.0,835,827,193,2,6,2.0,0.0116279069767441,0.0348837209302325,0.0116279069767441
JPN-KOR,201502,748,3.9990142672011646,-10.0,3414,3379,771,16,264,48.0,0.0213903743315508,0.3529411764705882,0.0641711229946524
JPN-KOR,201503,4855,3.752618013944233,-10.0,21660,21407,5340,137,1036,254.0,0.0282183316168898,0.2133882595262616,0.0523171987641606
JPN-KOR,201504,4525,3.857262033723312,-10.0,20523,20112,4980,82,1235,223.0,0.0181215469613259,0.2729281767955801,0.0492817679558011
JPN-KOR,201505,2895,3.765782014642416,-10.0,14193,13866,3247,61,615,153.0,0.0210708117443868,0.2124352331606217,0.0528497409326424
JPN-KOR,201506,4844,3.524704505092697,-10.0,23196,22653,5059,31,1208,150.0,0.0063996696944673,0.2493806771263418,0.0309661436829066
JPN-KOR,201507,2668,3.82699122143908,-10.0,12961,12602,2747,67,754,118.0,0.0251124437781109,0.2826086956521739,0.0442278860569715
JPN-KOR,201508,4166,4.474210082214503,-10.0,19179,18774,4410,255,1431,351.0,0.0612097935669707,0.3434949591934709,0.0842534805568891
JPN-KOR,201509,2993,3.684225849753292,-10.0,13466,13292,3152,55,593,109.0,0.0183762111593718,0.1981289675910457,0.0364183093885733
JPN-KOR,201510,4867,3.222957858013842,-10.0,24615,23514,5686,45,849,135.0,0.009245942058763,0.1744401068419971,0.0277378261762892
JPN-KOR,201511,5432,3.399283269863928,-10.0,22728,22323,5743,32,1015,172.0,0.0058910162002945,0.1868556701030927,0.0316642120765832
JPN-KOR,201512,7253,3.894437632898333,-10.0,33740,33165,7808,91,2004,380.0,0.012546532469323,0.2762994622914656,0.0523921136081621
JPN-KOR,201601,5862,3.6373916199221856,-10.0,25259,24849,6115,90,1178,180.0,0.0153531218014329,0.2009553053565336,0.0307062436028659
JPN-KOR,201602,4025,4.3073223423045,-10.0,16928,16781,4297,236,931,311.0,0.0586335403726708,0.2313043478260869,0.0772670807453416
JPN-KOR,201603,3202,4.4168407608182205,-10.0,15495,15325,3504,222,562,298.0,0.0693316677076827,0.1755153029356652,0.0930668332292317
JPN-KOR,201604,3622,3.877093593931955,-10.0,15986,15708,3845,109,837,176.0,0.0300938707896189,0.2310877967973495,0.048591938155715
JPN-KOR,201605,2238,3.999235931855595,-10.0,10024,9894,2306,70,569,122.0,0.0312779267202859,0.2542448614834673,0.0545129579982126
JPN-KOR,201606,2500,4.211277296615315,-10.0,11229,11084,2693,94,552,174.0,0.0376,0.2208,0.0696
JPN-KOR,201607,1984,4.3834228895729614,-10.0,9275,9136,2052,97,440,151.0,0.048891129032258,0.2217741935483871,0.0761088709677419
JPN-KOR,201608,5603,4.141121905335498,-10.0,24673,24321,6015,279,1255,358.0,0.0497947528109941,0.22398714974121,0.0638943423166161
JPN-KOR,201609,4101,4.300792619625937,-10.0,18978,18638,4378,216,764,283.0,0.0526700804681784,0.1862960253596683,0.069007559131919
JPN-KOR,201610,2856,4.223915242098296,-10.0,12895,12729,3116,116,680,208.0,0.0406162464985994,0.238095238095238,0.072829131652661
JPN-KOR,201611,4104,4.005228025087192,-10.0,19475,18984,4517,57,685,109.0,0.0138888888888888,0.1669103313840156,0.0265594541910331
JPN-KOR,201612,2943,4.2734262970579175,-10.0,13370,12902,3220,128,760,247.0,0.0434930343187223,0.2582398912674142,0.0839279646619096
JPN-KOR,201701,5433,3.947509912428009,-10.0,24183,23742,5901,154,1570,552.0,0.0283452972575004,0.2889747837290631,0.1016013252346769
JPN-KOR,201702,5335,3.8811486480356336,-10.0,20820,20169,5783,237,1046,398.0,0.0444236176194939,0.1960637300843486,0.0746016869728209
JPN-KOR,201703,5169,4.570015198422781,-10.0,20691,20432,5721,381,1040,556.0,0.0737086477074869,0.2011994583091507,0.1075643257883536
JPN-KOR,201704,6115,4.409768258195622,-10.0,25952,25529,6909,326,1375,644.0,0.0533115290269828,0.2248569092395748,0.1053147996729354
JPN-KOR,201705,4256,4.530825524247586,-10.0,18618,18147,4582,322,910,432.0,0.0756578947368421,0.2138157894736842,0.1015037593984962
JPN-KOR,201706,2126,3.9327069806524646,-10.0,9469,9250,2228,55,499,116.0,0.0258701787394167,0.2347130761994355,0.0545625587958607
JPN-KOR,201707,4325,4.633916145462931,-10.0,18545,18093,4764,379,890,481.0,0.0876300578034682,0.2057803468208092,0.1112138728323699
JPN-KOR,201708,3994,4.667586904205674,-10.0,17027,16333,4453,299,916,477.0,0.0748622934401602,0.229344016024036,0.1194291437155733
JPN-KOR,201709,6413,4.7216792938006655,-10.0,27082,26239,6901,590,1290,819.0,0.0920006237330422,0.2011539061281771,0.1277093404023078
JPN-KOR,201710,4075,4.151945099802344,-10.0,15384,15001,4295,196,705,327.0,0.0480981595092024,0.1730061349693251,0.0802453987730061
JPN-KOR,201711,5337,3.841029904017797,-10.0,19797,19318,5720,235,781,380.0,0.0440322278433576,0.1463368933857972,0.0712010492786209
JPN-KOR,201712,3055,4.419211946438916,-10.0,14021,13742,3151,143,716,281.0,0.0468085106382978,0.2343698854337152,0.0919803600654664
JPN-KOR,201801,3270,4.22982667512916,-10.0,14571,14291,3502,130,767,243.0,0.0397553516819571,0.2345565749235474,0.0743119266055045
JPN-KOR,201802,2184,4.308529342246768,-10.0,9419,9336,2285,117,657,209.0,0.0535714285714285,0.3008241758241758,0.0956959706959706
JPN-KOR,201803,3766,3.6556457462137937,-10.0,16682,16265,4311,88,717,168.0,0.0233669676048858,0.1903876792352628,0.0446096654275092
JPN-KOR,201804,3223,3.74065816477422,-10.0,13849,13538,3481,94,644,152.0,0.0291653738752714,0.199813838039094,0.0471610300961836
JPN-KOR,201805,4034,3.9652376156410414,-10.0,16242,15869,4348,155,594,254.0,0.0384234010907288,0.1472483886960832,0.0629647992067426
JPN-KOR,201806,3790,3.9543726645253727,-10.0,14300,14131,4300,98,695,221.0,0.0258575197889182,0.183377308707124,0.0583113456464379
JPN-KOR,201807,2833,3.6868603193990768,-10.0,11109,10950,3177,51,623,104.0,0.018002117896223,0.2199082244969996,0.0367102012001411
JPN-KOR,201808,2080,4.519315576987381,-10.0,8894,8634,2184,90,718,149.0,0.0432692307692307,0.3451923076923077,0.0716346153846153
JPN-KOR,201809,1880,3.515236048840642,-10.0,7940,7701,1961,22,343,59.0,0.0117021276595744,0.1824468085106383,0.0313829787234042
JPN-KOR,201810,3464,4.165259546188559,-10.0,15160,14940,3757,123,994,203.0,0.0355080831408776,0.2869515011547344,0.0586027713625866
JPN-KOR,201811,3164,4.093016981678537,-10.0,14954,14825,3387,64,1217,143.0,0.0202275600505689,0.3846396965865992,0.0451959544879898
JPN-KOR,201812,1982,4.57084958255379,-10.0,9414,9285,2028,86,746,133.0,0.0433905146316851,0.3763874873864783,0.0671039354187689
JPN-KOR,201901,3732,4.569563283605268,-10.0,18243,17713,4055,225,1329,336.0,0.0602893890675241,0.3561093247588424,0.090032154340836
JPN-KOR,201902,2428,4.113217613911377,-10.0,10066,9980,2526,67,738,123.0,0.0275947281713344,0.3039538714991763,0.050658978583196
JPN-KOR,201903,1988,4.608014592304951,-10.0,8637,8445,2029,119,577,182.0,0.0598591549295774,0.2902414486921529,0.0915492957746478
JPN-KOR,201904,2159,4.188099594545854,-10.0,9892,9655,2281,86,610,199.0,0.0398332561371005,0.2825382121352478,0.0921723019916628
JPN-KOR,201905,2854,4.038733667086288,-10.0,11803,11541,2921,105,546,166.0,0.0367904695164681,0.1913104414856342,0.0581639803784162
JPN-KOR,201906,4032,3.192957730454533,-10.0,16821,16498,4395,32,602,89.0,0.0079365079365079,0.1493055555555555,0.0220734126984127
JPN-KOR,201907,12632,4.521242144896579,-10.0,63136,61698,13641,766,4563,1234.0,0.0606396453451551,0.3612254591513616,0.0976884103863204
JPN-KOR,201908,13554,4.5235905872028725,-10.0,65234,63372,14664,818,4721,1378.0,0.0603511878412276,0.3483104618562785,0.101667404456249
JPN-KOR,201909,4553,4.219600777897309,-10.0,21569,21301,4789,231,1406,368.0,0.0507357786075115,0.3088073797496156,0.0808258291236547
JPN-KOR,201910,4680,4.260190239409896,-10.0,21963,21296,4850,260,1322,377.0,0.0555555555555555,0.2824786324786325,0.0805555555555555
JPN-KOR,201911,6410,3.9503768058354143,-10.0,29405,28617,6834,169,1678,325.0,0.026365054602184,0.2617784711388455,0.0507020280811232
JPN-KOR,201912,4541,3.774419332987912,-10.0,20644,19999,4798,123,817,205.0,0.0270865448139176,0.1799163179916318,0.0451442413565294
JPN-KOR,202001,1644,4.321411851611597,-10.0,7318,7145,1709,77,410,131.0,0.0468369829683698,0.2493917274939172,0.0796836982968369
JPN-KOR,202002,1980,4.3373460586078565,-10.0,9607,9150,2052,98,509,242.0,0.0494949494949494,0.257070707070707,0.1222222222222222
JPN-KOR,202003,2463,4.530384321036394,-10.0,11631,11423,2637,198,719,396.0,0.0803897685749086,0.2919204222492895,0.1607795371498173
JPN-KOR,202004,989,4.58679654551097,-10.0,5000,4864,1011,85,303,127.0,0.0859453993933266,0.3063700707785642,0.1284125379170879
JPN-KOR,202005,1044,4.316392727152029,-10.0,5565,5211,1055,42,305,71.0,0.0402298850574712,0.2921455938697318,0.068007662835249
JPN-KOR,202006,1434,4.655733932590546,-10.0,6851,6749,1478,82,486,128.0,0.0571827057182705,0.3389121338912134,0.0892608089260808
JPN-KOR,202007,1160,4.247093404450107,-10.0,5468,5380,1262,37,321,93.0,0.0318965517241379,0.2767241379310345,0.0801724137931034
JPN-KOR,202008,1546,4.230984761868413,-10.0,7158,7019,1649,61,439,111.0,0.0394566623544631,0.2839586028460543,0.0717981888745148
JPN-KOR,202009,1471,3.960929807664486,-10.0,7138,7042,1534,45,324,87.0,0.0305914343983684,0.2202583276682529,0.0591434398368456
JPN-KOR,202010,1208,4.02328096782624,-10.0,5202,5058,1267,45,282,91.0,0.037251655629139,0.2334437086092715,0.0753311258278145
JPN-KOR,202011,1702,3.665176643441092,-10.0,7011,6933,1882,32,262,56.0,0.0188014101057579,0.153936545240893,0.0329024676850763
JPN-KOR,202012,1022,4.638144924218259,-10.0,4648,4592,1053,74,252,111.0,0.0724070450097847,0.2465753424657534,0.1086105675146771
JPN-KOR,202101,1801,4.313513387966311,-10.0,8622,8414,1871,46,651,110.0,0.0255413659078289,0.3614658523042754,0.0610771793448084
JPN-KOR,202102,1128,4.1551199043783615,-10.0,5209,5140,1180,32,340,71.0,0.0283687943262411,0.301418439716312,0.0629432624113475
JPN-KOR,202103,3631,3.228661177474496,-10.0,13196,13080,4030,81,479,106.0,0.0223079041586339,0.1319195813825392,0.0291930597631506
JPN-KOR,202104,3193,3.932281835744685,-10.0,14088,13477,3376,53,1136,116.0,0.0165988098966489,0.3557782649545881,0.0363294707171938
JPN-KOR,202105,1711,3.4615605558740072,-10.0,6926,6804,1846,27,336,63.0,0.015780245470485,0.1963763880771478,0.0368205727644652
JPN-KOR,202106,1655,4.030420155863389,-10.0,7578,7327,1697,42,415,93.0,0.0253776435045317,0.2507552870090634,0.0561933534743202
JPN-KOR,202107,1331,3.764253954805634,-10.0,6525,6436,1389,36,313,68.0,0.0270473328324567,0.2351615326821938,0.0510894064613072
JPN-KOR,202108,949,4.113353153194914,-10.0,4183,4098,1032,28,303,55.0,0.0295047418335089,0.3192834562697576,0.0579557428872497
JPN-KOR,202109,2121,5.002435257343136,-10.0,9834,9649,2412,243,469,293.0,0.1145685997171145,0.2211221122112211,0.1381423856671381
JPN-KOR,202110,1587,4.332437406553539,-10.0,6662,6566,1632,100,352,141.0,0.0630119722747322,0.2218021424070573,0.0888468809073724
JPN-KOR,202111,1494,4.312087237660346,-10.0,6117,6060,1546,53,298,80.0,0.0354752342704149,0.1994645247657296,0.0535475234270415
JPN-KOR,202112,1119,3.896662825712614,-10.0,4951,4907,1171,28,278,51.0,0.0250223413762287,0.2484361036639857,0.0455764075067024
JPN-KOR,202201,1333,5.126915568008317,-10.0,6127,6085,1435,180,369,200.0,0.1350337584396099,0.2768192048012003,0.1500375093773443
JPN-KOR,202202,1569,4.083333937235052,-10.0,6351,6304,1630,50,355,78.0,0.0318674314850223,0.2262587635436583,0.0497131931166348
JPN-KOR,202203,1384,4.894407083296921,-10.0,5697,5626,1478,134,331,163.0,0.0968208092485549,0.2391618497109826,0.1177745664739884
JPN-KOR,202204,1747,3.5180145460652907,-10.0,7345,6976,1775,39,319,78.0,0.0223239839725243,0.18259874069834,0.0446479679450486
JPN-KOR,202205,3292,3.359603899711515,-10.0,13768,13598,3470,111,421,151.0,0.0337181044957472,0.1278857837181045,0.045868772782503
JPN-KOR,202206,2552,3.753515055318228,-10.0,10722,10561,2617,85,371,130.0,0.0333072100313479,0.1453761755485893,0.0509404388714733
JPN-KOR,202207,2659,3.768084602695678,-10.0,11451,11342,2757,95,442,130.0,0.0357277171869123,0.1662279052275291,0.0488905603610379
JPN-KOR,202208,2222,3.700509650163566,-10.0,9375,9232,2434,73,442,106.0,0.0328532853285328,0.1989198919891989,0.0477047704770477
JPN-KOR,202209,3209,3.547980797707362,-10.0,12948,12747,3321,118,529,155.0,0.0367715799314428,0.1648488625740106,0.0483016516048613
JPN-KOR,202210,2824,5.261858487684301,-10.0,12552,12401,3095,417,578,479.0,0.1476628895184136,0.2046742209631728,0.1696175637393767
JPN-KOR,202211,2208,4.636504312359644,-10.0,9264,9162,2339,202,429,241.0,0.0914855072463768,0.1942934782608695,0.1091485507246376
JPN-KOR,202212,1289,4.851569278347495,-10.0,5967,5844,1347,132,328,168.0,0.1024049650892164,0.2544608223429014,0.13033359193173
JPN-KOR,202301,1622,4.013866926104129,-10.0,7497,7364,1661,54,437,96.0,0.033292231812577,0.2694204685573366,0.0591861898890258
JPN-KOR,202302,1666,4.724003226734513,-10.0,7092,6823,1698,119,377,157.0,0.0714285714285714,0.2262905162064826,0.0942376950780312
JPN-KOR,202303,7248,4.118853234512046,-10.0,29862,29184,7687,268,1631,453.0,0.0369757174392936,0.2250275938189845,0.0625
JPN-KOR,202304,3774,4.063672079362068,-10.0,16013,15625,4105,134,663,246.0,0.0355060943296237,0.1756756756756756,0.0651828298887122
JPN-KOR,202305,8418,3.799108628763304,-10.0,35648,34550,9141,263,1368,375.0,0.0312425754335946,0.1625089094796863,0.0445473984319315
JPN-KOR,202306,2890,4.003737314402368,-10.0,13199,12700,2996,102,627,153.0,0.0352941176470588,0.216955017301038,0.0529411764705882
JPN-KOR,202307,4710,4.145897812433416,-10.0,21149,20647,5006,180,1101,275.0,0.0382165605095541,0.2337579617834395,0.0583864118895966
JPN-KOR,202308,6298,4.06683310347116,-10.0,26871,26198,6753,178,1677,366.0,0.0282629406160685,0.2662750079390282,0.0581136868847253
JPN-KOR,202309,3357,3.922422085321058,-10.0,14138,13788,3508,107,730,191.0,0.0318736967530533,0.2174560619600834,0.056896038129282
JPN-KOR,202310,2252,3.872532339352962,-10.0,9404,9206,2296,49,452,114.0,0.0217584369449378,0.2007104795737122,0.0506216696269982
JPN-KOR,202311,3421,3.588245917112323,-10.0,15487,15330,3893,56,683,115.0,0.0163694826074247,0.199649225372698,0.0336159017831043
JPN-KOR,202312,2724,4.469370773458437,-10.0,12184,11863,3035,148,783,218.0,0.0543318649045521,0.2874449339207048,0.080029368575624
JPN-KOR,202401,1511,4.55147323783104,-10.0,6736,6616,1533,92,397,130.0,0.0608868299139642,0.2627399073461284,0.086035737921906
JPN-KOR,202402,1621,4.350971739773961,-10.0,6934,6622,1660,72,378,142.0,0.0444170265268352,0.2331893892658852,0.0876002467612584
JPN-KOR,202403,1823,4.114673145539356,-10.0,7756,7421,1895,108,416,141.0,0.0592430060340098,0.2281952825013713,0.0773450356555128
JPN-KOR,202404,2349,4.503853848015635,-10.0,9771,9649,2429,152,534,187.0,0.064708386547467,0.227330779054917,0.07960834397616
JPN-KOR,202405,3444,3.92406502461905,-10.0,14314,14007,3635,132,571,192.0,0.0383275261324041,0.1657955865272938,0.0557491289198606
JPN-KOR,202406,2320,3.893890400081215,-10.0,9097,9023,2373,61,492,128.0,0.0262931034482758,0.2120689655172414,0.0551724137931034
JPN-KOR,202407,2518,3.477221173140744,-10.0,10809,10014,2589,48,340,89.0,0.0190627482128673,0.1350277998411437,0.0353455123113582
JPN-KOR,202408,1576,3.903337935526092,-10.0,6516,6245,1587,43,387,75.0,0.0272842639593908,0.2455583756345177,0.0475888324873096
JPN-KOR,202409,2126,3.936993605502853,-10.0,8788,8498,2185,83,322,124.0,0.0390404515522107,0.1514581373471307,0.0583254938852304
JPN-KOR,202410,1726,3.888796790431464,-10.0,7374,7194,1823,84,387,129.0,0.048667439165701,0.2242178447276941,0.074739281575898
JPN-KOR,202411,2161,4.221399410160309,-10.0,9490,8533,2242,148,475,195.0,0.0684868116612679,0.2198056455344748,0.0902360018509949
JPN-KOR,202412,1426,4.055522000845641,-10.0,5611,5571,1462,68,336,142.0,0.0476858345021037,0.2356241234221598,0.0995792426367461
JPN-KOR,202501,1768,4.120943396561789,-10.0,6865,6735,1813,104,369,126.0,0.0588235294117647,0.208710407239819,0.0712669683257918
JPN-KOR,202502,1386,3.7878135587550976,-10.0,5613,5499,1455,45,290,97.0,0.0324675324675324,0.2092352092352092,0.0699855699855699
JPN-KOR,202503,2046,3.406013674769222,-10.0,8393,8275,2136,31,321,48.0,0.0151515151515151,0.156891495601173,0.0234604105571847
JPN-KOR,202504,1935,3.4106501738654447,-10.0,7526,7306,1963,25,308,39.0,0.0129198966408268,0.1591731266149871,0.0201550387596899
JPN-KOR,202505,1568,3.668624740066408,-10.0,6096,6061,1597,41,263,67.0,0.0261479591836734,0.1677295918367347,0.0427295918367346
JPN-KOR,202506,790,3.2273858928352896,-10.0,3022,2914,813,8,135,17.0,0.010126582278481,0.170886075949367,0.0215189873417721
JPN-KOR,202507,2527,3.828536297489873,-10.0,9717,9567,2637,41,529,112.0,0.0162247724574594,0.2093391373169766,0.0443213296398892
JPN-KOR,202508,2713,3.6102155634378015,-10.0,10325,10164,2794,88,462,131.0,0.0324364172502764,0.1702911905639513,0.0482860302248433
JPN-KOR,202509,2022,3.822515721185981,-10.0,8234,8101,2158,77,360,123.0,0.0380811078140455,0.1780415430267062,0.0608308605341246
JPN-KOR,202510,3249,3.2698090231681776,-10.0,11152,10920,3447,73,328,110.0,0.0224684518313327,0.1009541397353031,0.0338565712526931
JPN-KOR,202511,1240,4.162610352095503,-10.0,5268,5191,1245,70,288,102.0,0.0564516129032258,0.232258064516129,0.082258064516129
JPN-KOR,202512,948,3.865095488726906,-10.0,4180,4024,973,21,248,46.0,0.0221518987341772,0.2616033755274262,0.0485232067510548
JPN-KOR,202602,959,3.876673538740594,-10.0,3622,3491,991,22,260,35.0,0.022940563086548488,0.2711157455683003,0.0364963503649635
JPN-KOR,202603,1119,4.150000263394883,-10.0,4550,4498,1133,70,179,79.0,0.06255585344057193,0.15996425379803395,0.07059874888293119
JPN-KOR,202604,1281,3.6023525021797873,-10.0,5619,5522,1324,32,271,57.0,0.02498048399687744,0.21155347384855583,0.04449648711943794
JPN-KOR,202605,1445,3.5561567824753855,-10.0,5591,5522,1470,32,208,51.0,0.022145328719723183,0.1439446366782007,0.03529411764705882
JPN-KOR,202606,1204,3.604916674504746,-10.0,4835,4682,1204,28,245,43.0,0.023255813953488372,0.20348837209302326,0.03571428571428571
JPN-KOR,202607,1009,3.9633681388767323,-10.0,4052,4049,1017,40,155,49.0,0.03964321110009911,0.15361744301288405,0.048562933597621406
JPN-PRK,201501,12,2.5199056018875474,0.0,51,51,16,0,7,0.0,0.0,0.5833333333333334,0.0
JPN-PRK,201502,161,5.218226314521555,-10.0,720,720,170,32,82,49.0,0.1987577639751552,0.5093167701863354,0.3043478260869565
JPN-PRK,201503,965,5.857798684722768,-10.0,5074,5013,1046,307,298,359.0,0.3181347150259067,0.3088082901554404,0.372020725388601
JPN-PRK,201504,850,5.295150104872609,-10.0,4017,3958,885,142,292,167.0,0.1670588235294117,0.3435294117647058,0.1964705882352941
JPN-PRK,201505,816,5.382374292575901,-10.0,3938,3888,871,140,268,205.0,0.1715686274509804,0.3284313725490196,0.2512254901960784
JPN-PRK,201506,396,5.195803553683444,-10.0,1917,1898,416,45,118,60.0,0.1136363636363636,0.2979797979797979,0.1515151515151515
JPN-PRK,201507,491,5.131196435227701,-10.0,2456,2395,505,65,181,81.0,0.1323828920570264,0.3686354378818737,0.164969450101833
JPN-PRK,201508,859,4.348441768226667,-10.0,4645,4602,879,75,321,84.0,0.0873108265424912,0.3736903376018626,0.0977881257275902
JPN-PRK,201509,683,4.898613604463201,-10.0,3655,3546,737,77,205,84.0,0.1127379209370424,0.3001464128843338,0.1229868228404099
JPN-PRK,201510,362,5.1795144882598265,-10.0,1726,1686,378,62,102,77.0,0.1712707182320442,0.281767955801105,0.212707182320442
JPN-PRK,201511,561,5.0259388355825685,-10.0,2819,2583,573,66,195,118.0,0.1176470588235294,0.3475935828877005,0.2103386809269162
JPN-PRK,201512,466,4.786404366428354,-10.0,2010,1935,495,63,147,82.0,0.1351931330472103,0.315450643776824,0.1759656652360515
JPN-PRK,201601,2815,5.195094509577312,-10.0,13202,12975,3018,323,1038,446.0,0.1147424511545293,0.3687388987566607,0.158436944937833
JPN-PRK,201602,4039,5.1988175710039775,-10.0,20582,20346,4383,718,1855,1031.0,0.177766773953949,0.4592720970537262,0.2552612032681357
JPN-PRK,201603,2505,5.837061751138866,-10.0,13564,13386,2662,754,748,901.0,0.300998003992016,0.2986027944111776,0.3596806387225549
JPN-PRK,201604,1703,5.246194651828596,-10.0,8222,8043,1817,312,555,355.0,0.183206106870229,0.3258954785672343,0.2084556664709336
JPN-PRK,201605,1034,4.694255044771577,-10.0,4926,4750,1097,95,454,175.0,0.0918762088974854,0.4390715667311411,0.1692456479690522
JPN-PRK,201606,1756,5.0341055383985065,-10.0,8267,8142,1857,280,747,352.0,0.1594533029612756,0.4253986332574032,0.2004555808656036
JPN-PRK,201607,643,5.431831940931327,-10.0,4058,4028,708,197,262,214.0,0.3063763608087091,0.4074650077760497,0.3328149300155521
JPN-PRK,201608,3103,5.641641054008846,-10.0,17048,16776,3338,1022,1066,1244.0,0.3293586851434096,0.3435385111182726,0.4009023525620367
JPN-PRK,201609,3440,5.203478685315414,-10.0,18648,18287,3855,766,1320,931.0,0.2226744186046511,0.3837209302325581,0.2706395348837209
JPN-PRK,201610,1354,4.866060702483005,-10.0,5984,5876,1424,170,546,212.0,0.1255539143279173,0.4032496307237814,0.156573116691285
JPN-PRK,201611,817,5.359879597857173,-10.0,3840,3766,932,93,321,136.0,0.1138310893512851,0.3929008567931457,0.1664626682986536
JPN-PRK,201612,871,5.5751496930389965,-10.0,4191,4162,971,230,225,270.0,0.2640642939150401,0.2583237657864523,0.3099885189437428
JPN-PRK,201701,693,5.374383638259928,-10.0,3430,3422,815,108,204,143.0,0.1558441558441558,0.2943722943722944,0.2063492063492063
JPN-PRK,201702,4247,5.044293027897628,-10.0,16862,16677,4822,627,1410,855.0,0.1476336237344007,0.3319990581587002,0.2013185778196373
JPN-PRK,201703,6645,5.754145075080613,-10.0,32672,32281,7494,2202,1976,2576.0,0.3313769751693002,0.2973664409330323,0.3876598946576373
JPN-PRK,201704,7541,5.487359520496529,-10.0,36212,35497,9182,1417,2565,1833.0,0.1879061132475799,0.3401405649118154,0.2430712107147593
JPN-PRK,201705,4460,5.337697378606566,-10.0,22128,21615,4901,1023,1550,1192.0,0.229372197309417,0.3475336322869955,0.2672645739910314
JPN-PRK,201706,1358,5.716096941852127,-10.0,6758,6629,1525,386,495,515.0,0.284241531664212,0.3645066273932253,0.3792341678939617
JPN-PRK,201707,4259,5.484259534580732,-10.0,22293,21823,5296,1079,1293,1225.0,0.253345855834703,0.3035923925804179,0.287626203334116
JPN-PRK,201708,5665,5.647654407896579,-10.0,27256,26672,6189,1342,1968,1574.0,0.2368932038834951,0.3473962930273609,0.2778464254192409
JPN-PRK,201709,9442,5.543776244089403,-10.0,46625,45729,10435,2414,3041,2801.0,0.2556661724210972,0.3220715950010591,0.2966532514297818
JPN-PRK,201710,3564,5.266388932658154,-10.0,15378,15081,3881,569,1150,691.0,0.1596520763187429,0.3226711560044893,0.1938832772166105
JPN-PRK,201711,6258,5.4892146463123535,-10.0,26771,26141,6962,1521,1714,1734.0,0.2430488974113135,0.2738894215404283,0.2770853307766059
JPN-PRK,201712,3475,5.77326531679311,-10.0,15913,15640,3670,786,1048,1052.0,0.2261870503597122,0.3015827338129496,0.3027338129496403
JPN-PRK,201801,1575,5.587877421595804,-10.0,8308,8014,1760,312,589,375.0,0.1980952380952381,0.3739682539682539,0.238095238095238
JPN-PRK,201802,1486,4.781599701972445,-10.0,6674,6475,1569,160,550,221.0,0.107671601615074,0.3701211305518169,0.148721399730821
JPN-PRK,201803,3792,4.281527127588859,-10.0,16012,15428,4104,269,775,319.0,0.0709388185654008,0.2043776371308016,0.0841244725738396
JPN-PRK,201804,4360,4.939762901835002,-10.0,17268,16731,4785,607,793,653.0,0.1392201834862385,0.1818807339449541,0.1497706422018348
JPN-PRK,201805,3858,4.70604740502726,-10.0,15831,15534,4394,424,727,481.0,0.1099015033696215,0.1884396060134784,0.1246759979263867
JPN-PRK,201806,5282,5.0377691115690295,-10.0,19363,19061,5906,698,1053,838.0,0.1321469140477092,0.1993563044301401,0.1586520257478228
JPN-PRK,201807,2699,3.920536240556544,-10.0,10590,10057,3210,149,551,194.0,0.0552056317154501,0.2041496850685439,0.0718784735087069
JPN-PRK,201808,1998,4.79706048801035,-10.0,8506,8372,2139,200,733,431.0,0.1001001001001001,0.3668668668668668,0.2157157157157157
JPN-PRK,201809,1643,4.739577438810141,-10.0,7337,7203,1777,179,390,218.0,0.1089470480827754,0.2373706634205721,0.1326841144248326
JPN-PRK,201810,2247,4.129097414963563,-10.0,9118,8956,2816,174,294,211.0,0.0774365821094793,0.1308411214953271,0.093902981753449
JPN-PRK,201811,762,4.127558127341729,-10.0,2884,2806,860,59,178,67.0,0.0774278215223097,0.2335958005249344,0.0879265091863517
JPN-PRK,201812,357,5.009323853078125,-10.0,1536,1530,361,49,97,65.0,0.1372549019607843,0.2717086834733893,0.1820728291316526
JPN-PRK,201901,767,5.101782523690403,-10.0,3359,3211,858,96,188,131.0,0.1251629726205997,0.2451108213820078,0.1707953063885267
JPN-PRK,201902,1208,5.085194008442765,-10.0,4491,4402,1332,180,322,218.0,0.1490066225165563,0.2665562913907284,0.1804635761589404
JPN-PRK,201903,759,5.181309134468068,-10.0,3101,3078,838,124,201,136.0,0.1633728590250329,0.2648221343873518,0.1791831357048748
JPN-PRK,201904,802,5.182544405987229,-10.0,3257,3216,908,118,234,159.0,0.1471321695760598,0.2917705735660847,0.1982543640897755
JPN-PRK,201905,2844,5.128089600018656,-10.0,11828,11617,3068,482,621,568.0,0.1694796061884669,0.2183544303797468,0.1997187060478199
JPN-PRK,201906,2011,3.78761266210177,-10.0,7610,7533,2426,119,310,152.0,0.0591745400298359,0.1541521631029338,0.0755842864246643
JPN-PRK,201907,1521,4.976062995069221,-10.0,6246,6097,1569,209,404,287.0,0.1374095989480604,0.2656147271531887,0.1886916502301117
JPN-PRK,201908,1640,5.68486793030591,-10.0,7696,7559,1749,404,525,428.0,0.2463414634146341,0.3201219512195122,0.2609756097560975
JPN-PRK,201909,1039,5.507331825951627,-10.0,4783,4690,1083,205,258,228.0,0.1973051010587103,0.2483156881616939,0.21944177093359
JPN-PRK,201910,1439,5.670828032673143,-10.0,7512,7289,1520,316,538,379.0,0.2195969423210562,0.3738707435719249,0.2633773453787352
JPN-PRK,201911,853,4.941761549855142,-10.0,4555,4517,916,167,425,185.0,0.1957796014067995,0.4982415005861664,0.2168815943728018
JPN-PRK,201912,1228,4.796340959947344,-10.0,5027,4872,1260,137,389,170.0,0.1115635179153094,0.3167752442996742,0.1384364820846905
JPN-PRK,202001,238,5.416671938880095,-10.0,988,958,251,41,68,45.0,0.1722689075630252,0.2857142857142857,0.1890756302521008
JPN-PRK,202002,239,5.199377486518845,-10.0,1309,1289,242,41,94,47.0,0.1715481171548117,0.3933054393305439,0.1966527196652719
JPN-PRK,202003,369,5.699095616912639,-10.0,2149,2105,376,189,106,206.0,0.5121951219512195,0.2872628726287263,0.5582655826558266
JPN-PRK,202004,294,5.544824706787279,-10.0,1390,1388,298,75,83,87.0,0.2551020408163265,0.282312925170068,0.2959183673469387
JPN-PRK,202005,109,4.64252126949168,-10.0,523,523,112,15,56,18.0,0.1376146788990825,0.5137614678899083,0.1651376146788991
JPN-PRK,202006,524,5.300361081545581,-10.0,2476,2286,568,150,153,163.0,0.2862595419847328,0.2919847328244275,0.3110687022900763
JPN-PRK,202007,347,5.007158224917985,-10.0,1473,1454,359,54,79,72.0,0.1556195965417867,0.2276657060518732,0.207492795389049
JPN-PRK,202008,297,5.273721698159712,-10.0,1248,1248,305,68,92,69.0,0.2289562289562289,0.3097643097643097,0.2323232323232323
JPN-PRK,202009,483,5.613192223990166,-10.0,2070,2028,497,101,92,106.0,0.2091097308488612,0.1904761904761904,0.2194616977225673
JPN-PRK,202010,258,5.249803052267188,-10.0,1039,1026,266,67,76,70.0,0.2596899224806202,0.2945736434108527,0.2713178294573643
JPN-PRK,202011,132,5.8245893289794,-10.0,519,519,132,51,25,56.0,0.3863636363636363,0.1893939393939394,0.4242424242424242
JPN-PRK,202012,179,5.409608503783629,-10.0,930,918,182,35,51,43.0,0.1955307262569832,0.2849162011173184,0.2402234636871508
JPN-PRK,202101,205,4.799594574779968,-10.0,840,840,213,32,102,33.0,0.1560975609756097,0.4975609756097561,0.1609756097560975
JPN-PRK,202102,137,4.337372045892674,-10.0,715,713,142,9,61,11.0,0.0656934306569343,0.4452554744525547,0.0802919708029197
JPN-PRK,202103,1080,5.507075946643495,-10.0,4614,4561,1133,276,323,292.0,0.2555555555555555,0.299074074074074,0.2703703703703703
JPN-PRK,202104,562,5.125219988421347,-10.0,2854,2768,581,112,162,121.0,0.199288256227758,0.2882562277580071,0.2153024911032028
JPN-PRK,202105,312,4.902411949430878,-10.0,1389,1307,318,40,74,47.0,0.1282051282051282,0.2371794871794871,0.1506410256410256
JPN-PRK,202106,260,4.986203880280984,-10.0,974,964,263,43,29,44.0,0.1653846153846153,0.1115384615384615,0.1692307692307692
JPN-PRK,202107,93,4.88211091768947,-10.0,516,516,96,10,35,12.0,0.1075268817204301,0.3763440860215054,0.1290322580645161
JPN-PRK,202108,136,4.705473334621316,-10.0,636,614,137,21,43,27.0,0.1544117647058823,0.3161764705882353,0.1985294117647058
JPN-PRK,202109,1278,5.388796721659188,-10.0,6732,6650,1486,254,389,285.0,0.1987480438184663,0.3043818466353677,0.2230046948356807
JPN-PRK,202110,914,5.297469576627237,-10.0,4368,4303,996,155,291,198.0,0.1695842450765864,0.3183807439824945,0.2166301969365426
JPN-PRK,202111,185,5.951259531540435,-10.0,738,735,193,52,40,52.0,0.2810810810810811,0.2162162162162162,0.2810810810810811
JPN-PRK,202112,247,5.379824357863135,-10.0,1043,949,248,60,40,66.0,0.242914979757085,0.1619433198380566,0.2672064777327935
JPN-PRK,202201,1020,5.890087684832795,-10.0,5081,5019,1074,355,339,372.0,0.3480392156862745,0.3323529411764706,0.3647058823529411
JPN-PRK,202202,738,5.299263679495332,-10.0,3404,3389,803,126,217,134.0,0.1707317073170731,0.2940379403794038,0.1815718157181571
JPN-PRK,202203,694,5.539025375763551,-10.0,3228,3181,724,215,247,242.0,0.3097982708933717,0.3559077809798271,0.3487031700288184
JPN-PRK,202204,299,5.147759061718059,-10.0,1364,1360,315,73,63,83.0,0.2441471571906354,0.2107023411371237,0.2775919732441471
JPN-PRK,202205,1150,5.5849793180840015,-10.0,5262,5244,1233,302,381,330.0,0.2626086956521739,0.331304347826087,0.2869565217391304
JPN-PRK,202206,573,5.332298162195198,-10.0,2687,2672,590,91,198,115.0,0.1588132635253054,0.3455497382198952,0.2006980802792321
JPN-PRK,202207,264,4.751570167586195,-10.0,1254,1254,296,41,90,48.0,0.1553030303030303,0.3409090909090909,0.1818181818181818
JPN-PRK,202208,243,5.380972098840235,-10.0,1090,1068,243,52,66,59.0,0.2139917695473251,0.2716049382716049,0.242798353909465
JPN-PRK,202209,1032,5.706098079897353,-10.0,4524,4436,1072,271,265,310.0,0.2625968992248062,0.2567829457364341,0.3003875968992248
JPN-PRK,202210,2874,5.711073885672406,-10.0,14612,14446,3020,1057,920,1209.0,0.3677800974251913,0.3201113430758525,0.4206680584551148
JPN-PRK,202211,1730,5.495964923675224,-10.0,8816,8724,1863,559,647,641.0,0.3231213872832369,0.3739884393063584,0.3705202312138728
JPN-PRK,202212,1000,5.280275116440933,-10.0,5582,5546,1062,349,444,405.0,0.349,0.444,0.405
JPN-PRK,202301,410,5.529292176947674,-10.0,1944,1925,430,82,148,98.0,0.2,0.3609756097560975,0.2390243902439024
JPN-PRK,202302,818,5.585304105027378,-10.0,4189,4129,898,245,340,284.0,0.2995110024449878,0.4156479217603912,0.3471882640586797
JPN-PRK,202303,1314,5.672274017660276,-10.0,6380,6242,1368,290,359,371.0,0.2207001522070015,0.2732115677321157,0.2823439878234399
JPN-PRK,202304,1219,5.403689976656142,-10.0,7007,6756,1350,276,570,417.0,0.2264150943396226,0.4675963904840032,0.3420836751435603
JPN-PRK,202305,1295,5.088582747165472,-10.0,6125,6085,1368,193,562,226.0,0.149034749034749,0.4339768339768339,0.1745173745173745
JPN-PRK,202306,789,5.228467510751639,-10.0,3891,3830,838,147,348,172.0,0.1863117870722433,0.4410646387832699,0.2179974651457541
JPN-PRK,202307,1556,5.695676795647215,-10.0,7590,7465,1822,477,508,526.0,0.3065552699228792,0.3264781491002571,0.3380462724935733
JPN-PRK,202308,1055,5.048524174254363,-10.0,5166,5065,1085,162,443,192.0,0.1535545023696682,0.4199052132701422,0.1819905213270142
JPN-PRK,202309,734,5.224076994376988,-10.0,3328,3266,764,118,283,136.0,0.1607629427792915,0.385558583106267,0.1852861035422343
JPN-PRK,202310,463,4.740991998843264,-10.0,2162,2131,489,58,218,81.0,0.1252699784017278,0.4708423326133909,0.1749460043196544
JPN-PRK,202311,928,4.808200299068819,-10.0,4630,4564,986,130,480,175.0,0.1400862068965517,0.5172413793103449,0.1885775862068965
JPN-PRK,202312,947,5.572133806100925,-10.0,4653,4594,1052,207,349,248.0,0.218585005279831,0.368532206969377,0.2618796198521647
JPN-PRK,202401,733,5.2009852077954095,-10.0,3412,3382,776,84,311,122.0,0.1145975443383356,0.4242837653478854,0.1664392905866303
JPN-PRK,202402,893,5.170858527256166,-10.0,3763,3665,934,119,187,154.0,0.1332586786114221,0.2094064949608062,0.1724524076147816
JPN-PRK,202403,1560,5.078056017502448,-10.0,6850,6646,1800,231,362,250.0,0.148076923076923,0.232051282051282,0.1602564102564102
JPN-PRK,202404,903,6.031588476122598,-10.0,3833,3770,953,226,235,262.0,0.2502768549280177,0.2602436323366556,0.2901439645625692
JPN-PRK,202405,918,5.666318317701959,-10.0,4515,4404,996,235,355,252.0,0.2559912854030501,0.3867102396514161,0.2745098039215686
JPN-PRK,202406,774,4.806968414566679,-10.0,3386,3320,800,98,304,114.0,0.1266149870801033,0.3927648578811369,0.1472868217054263
JPN-PRK,202407,323,4.781590938903637,-10.0,1140,1130,329,16,127,28.0,0.0495356037151702,0.3931888544891641,0.0866873065015479
JPN-PRK,202408,205,4.742791252687706,-10.0,937,881,206,31,106,33.0,0.1512195121951219,0.5170731707317073,0.1609756097560975
JPN-PRK,202409,389,5.30426816626845,-10.0,2220,2006,408,103,175,137.0,0.2647814910025707,0.4498714652956298,0.352185089974293
JPN-PRK,202410,656,4.597921925333799,-10.0,3055,3025,687,107,363,125.0,0.1631097560975609,0.5533536585365854,0.1905487804878048
JPN-PRK,202411,689,4.801717548784068,-10.0,2896,2884,761,94,269,108.0,0.1364296081277213,0.3904208998548621,0.1567489114658926
JPN-PRK,202412,214,5.0690665077045765,-10.0,961,961,214,34,91,40.0,0.1588785046728972,0.4252336448598131,0.1869158878504672
JPN-PRK,202501,455,5.513660178561172,-10.0,1953,1903,469,119,150,128.0,0.2615384615384615,0.3296703296703296,0.2813186813186813
JPN-PRK,202502,423,4.7638774739989245,-10.0,1461,1433,426,76,100,78.0,0.1796690307328605,0.2364066193853428,0.1843971631205673
JPN-PRK,202503,182,4.506338906540278,-10.0,825,814,187,21,80,23.0,0.1153846153846153,0.4395604395604395,0.1263736263736263
JPN-PRK,202504,178,4.606445911382079,-10.0,749,749,178,32,84,50.0,0.1797752808988764,0.4719101123595505,0.2808988764044944
JPN-PRK,202505,206,6.260442812635305,-10.0,1036,993,209,71,51,72.0,0.3446601941747573,0.2475728155339805,0.3495145631067961
JPN-PRK,202506,50,5.383053150814117,-10.0,226,226,50,12,13,12.0,0.24,0.26,0.24
JPN-PRK,202507,250,4.311865687009656,-10.0,1053,1035,255,11,140,26.0,0.044,0.56,0.104
JPN-PRK,202508,227,4.3899136060028425,-10.0,906,906,228,24,75,27.0,0.105726872246696,0.3303964757709251,0.118942731277533
JPN-PRK,202509,202,4.408744043174282,-10.0,789,781,208,14,101,27.0,0.0693069306930693,0.5,0.1336633663366336
JPN-PRK,202510,530,5.61577381490557,-10.0,1799,1779,554,162,96,181.0,0.3056603773584905,0.1811320754716981,0.3415094339622641
JPN-PRK,202511,390,5.8727170500597605,-10.0,1696,1640,407,106,76,108.0,0.2717948717948718,0.1948717948717948,0.2769230769230769
JPN-PRK,202512,170,4.69492060622773,-10.0,780,772,177,17,97,23.0,0.1,0.5705882352941176,0.1352941176470588
JPN-PRK,202602,73,5.4727875995318,-10.0,304,304,73,20,22,23.0,0.273972602739726,0.3013698630136986,0.3150684931506849
JPN-PRK,202603,315,5.608357661984989,-10.0,1480,1438,321,104,102,109.0,0.33015873015873015,0.3238095238095238,0.346031746031746
JPN-PRK,202604,196,4.967446170290701,-10.0,995,956,207,51,93,56.0,0.2602040816326531,0.4744897959183674,0.2857142857142857
JPN-PRK,202605,193,4.8040408855336665,-10.0,834,816,197,25,58,26.0,0.12953367875647667,0.3005181347150259,0.13471502590673576
JPN-PRK,202606,145,3.65428250841954,-10.0,644,644,145,6,58,11.0,0.041379310344827586,0.4,0.07586206896551724
JPN-PRK,202607,124,4.43829182272841,-10.0,602,594,124,19,66,20.0,0.1532258064516129,0.532258064516129,0.16129032258064516
JPN-TWN,201501,13,3.87888762801518,-5.0,46,46,13,0,6,6.0,0.0,0.4615384615384615,0.4615384615384615
JPN-TWN,201502,74,3.112765573408066,-9.5,333,333,75,1,22,5.0,0.0135135135135135,0.2972972972972973,0.0675675675675675
JPN-TWN,201503,573,4.33585775041214,-10.0,2505,2464,588,22,123,43.0,0.0383944153577661,0.2146596858638743,0.075043630017452
JPN-TWN,201504,497,4.360282475562444,-10.0,1899,1897,513,25,101,42.0,0.0503018108651911,0.2032193158953722,0.0845070422535211
JPN-TWN,201505,471,4.191895921547256,-10.0,2233,2205,478,11,112,37.0,0.0233545647558386,0.2377919320594479,0.078556263269639
JPN-TWN,201506,418,3.960106503475521,-10.0,1934,1916,418,14,99,25.0,0.0334928229665071,0.2368421052631578,0.0598086124401913
JPN-TWN,201507,876,3.843376211679125,-10.0,3923,3884,900,37,193,75.0,0.0422374429223744,0.2203196347031963,0.0856164383561643
JPN-TWN,201508,894,3.915215245275654,-10.0,3613,3552,903,32,267,64.0,0.0357941834451901,0.2986577181208054,0.0715883668903803
JPN-TWN,201509,739,3.571348931367653,-10.0,3185,3155,788,33,105,34.0,0.0446549391069012,0.142083897158322,0.0460081190798376
JPN-TWN,201510,588,3.6638639229288144,-10.0,2460,2450,600,10,130,24.0,0.0170068027210884,0.2210884353741496,0.0408163265306122
JPN-TWN,201511,449,3.898105054437492,-10.0,1704,1689,467,7,89,37.0,0.0155902004454342,0.198218262806236,0.0824053452115812
JPN-TWN,201512,809,3.6738587431133385,-10.0,3566,3513,818,15,135,29.0,0.0185414091470951,0.1668726823238566,0.0358467243510506
JPN-TWN,201601,873,3.792152148129238,-10.0,3484,3466,886,27,182,37.0,0.0309278350515463,0.2084765177548682,0.0423825887743413
JPN-TWN,201602,733,3.724575101158403,-10.0,3132,3109,773,17,132,26.0,0.0231923601637107,0.1800818553888131,0.0354706684856753
JPN-TWN,201603,514,3.9418279138499055,-10.0,2242,2208,526,13,82,26.0,0.0252918287937743,0.159533073929961,0.0505836575875486
JPN-TWN,201604,1145,4.850828968661709,-10.0,5576,5454,1240,51,422,132.0,0.0445414847161572,0.3685589519650655,0.1152838427947598
JPN-TWN,201605,974,4.328310954829044,-10.0,4353,4293,1010,51,329,110.0,0.0523613963039014,0.337782340862423,0.1129363449691991
JPN-TWN,201606,426,4.254455078427868,-10.0,1922,1836,431,19,88,44.0,0.0446009389671361,0.2065727699530516,0.1032863849765258
JPN-TWN,201607,432,3.486073760955345,-10.0,1851,1849,434,5,100,20.0,0.011574074074074,0.2314814814814814,0.0462962962962962
JPN-TWN,201608,346,4.054684682315003,-10.0,1483,1427,351,14,52,14.0,0.0404624277456647,0.1502890173410404,0.0404624277456647
JPN-TWN,201609,428,3.552248165186992,-10.0,1874,1863,436,6,84,21.0,0.014018691588785,0.1962616822429906,0.0490654205607476
JPN-TWN,201610,412,4.195534282239645,-9.5,1744,1724,425,9,93,25.0,0.0218446601941747,0.2257281553398058,0.0606796116504854
JPN-TWN,201611,568,4.024237603292232,-10.0,2475,2430,584,20,142,59.0,0.0352112676056338,0.25,0.1038732394366197
JPN-TWN,201612,760,4.725067346008072,-10.0,3500,3436,788,43,268,106.0,0.056578947368421,0.3526315789473684,0.1394736842105263
JPN-TWN,201701,453,4.255541770631491,-10.0,1927,1927,500,31,114,60.0,0.0684326710816777,0.2516556291390728,0.1324503311258278
JPN-TWN,201702,463,3.935557050237225,-10.0,1989,1967,463,16,108,50.0,0.0345572354211663,0.2332613390928725,0.1079913606911447
JPN-TWN,201703,723,3.0881069358845816,-10.0,3114,3048,756,6,136,47.0,0.0082987551867219,0.1881051175656984,0.0650069156293222
JPN-TWN,201704,381,4.615538091851385,-10.0,1595,1549,385,31,87,36.0,0.0813648293963254,0.2283464566929134,0.0944881889763779
JPN-TWN,201705,335,3.7992459657075774,-10.0,1149,1149,340,8,69,24.0,0.0238805970149253,0.2059701492537313,0.0716417910447761
JPN-TWN,201706,333,2.9833457186484744,-10.0,1153,1153,337,3,59,7.0,0.009009009009009,0.1771771771771771,0.021021021021021
JPN-TWN,201707,278,4.096873409963655,-10.0,1160,1146,287,9,72,23.0,0.0323741007194244,0.2589928057553957,0.0827338129496402
JPN-TWN,201708,268,3.3351911154233584,-10.0,1045,1034,268,7,24,7.0,0.0261194029850746,0.0895522388059701,0.0261194029850746
JPN-TWN,201709,270,4.033981722370276,-10.0,1203,1140,272,13,37,28.0,0.0481481481481481,0.137037037037037,0.1037037037037037
JPN-TWN,201710,314,3.665578658461097,-10.0,1348,1338,326,6,71,19.0,0.019108280254777,0.2261146496815286,0.0605095541401273
JPN-TWN,201711,343,3.893335564939107,-10.0,1334,1317,349,13,54,35.0,0.0379008746355685,0.1574344023323615,0.1020408163265306
JPN-TWN,201712,413,4.421352797871693,-10.0,1642,1607,421,23,78,46.0,0.0556900726392251,0.1888619854721549,0.1113801452784503
JPN-TWN,201801,267,3.78258363403836,-10.0,1159,1117,277,8,51,18.0,0.0299625468164794,0.1910112359550561,0.0674157303370786
JPN-TWN,201802,352,3.877093211532871,-10.0,1390,1372,361,9,75,26.0,0.0255681818181818,0.2130681818181818,0.0738636363636363
JPN-TWN,201803,484,3.646051817452896,-10.0,2209,2186,488,5,126,33.0,0.0103305785123966,0.2603305785123967,0.0681818181818181
JPN-TWN,201804,315,3.687506662873606,-10.0,1152,1152,329,7,46,22.0,0.0222222222222222,0.146031746031746,0.0698412698412698
JPN-TWN,201805,358,3.4339509539348883,-9.5,1542,1526,362,1,71,33.0,0.0027932960893854,0.1983240223463687,0.0921787709497206
JPN-TWN,201806,523,3.626019407957531,-10.0,2128,2096,536,20,103,41.0,0.0382409177820267,0.1969407265774378,0.0783938814531548
JPN-TWN,201807,448,4.337855559110955,-10.0,1863,1847,450,18,95,58.0,0.0401785714285714,0.2120535714285714,0.1294642857142857
JPN-TWN,201808,381,4.3179568646539,-10.0,1483,1435,385,14,98,32.0,0.0367454068241469,0.2572178477690289,0.0839895013123359
JPN-TWN,201809,507,3.9822480996915854,-9.5,2188,2176,512,2,144,51.0,0.0039447731755424,0.2840236686390532,0.1005917159763313
JPN-TWN,201810,331,3.501837343558078,-10.0,1491,1477,342,3,72,23.0,0.0090634441087613,0.2175226586102719,0.0694864048338368
JPN-TWN,201811,382,4.210207392150794,-10.0,1644,1644,386,11,115,66.0,0.0287958115183246,0.3010471204188482,0.1727748691099476
JPN-TWN,201812,335,4.35595296269888,-10.0,1397,1392,335,13,94,41.0,0.0388059701492537,0.2805970149253731,0.1223880597014925
JPN-TWN,201901,328,3.9710076772590113,-10.0,1418,1392,333,15,81,24.0,0.0457317073170731,0.2469512195121951,0.073170731707317
JPN-TWN,201902,285,4.16962544811445,-10.0,1172,1152,286,7,67,17.0,0.0245614035087719,0.2350877192982456,0.0596491228070175
JPN-TWN,201903,456,3.9043502947628017,-10.0,1996,1972,460,10,73,36.0,0.0219298245614035,0.1600877192982456,0.0789473684210526
JPN-TWN,201904,276,4.204310542880362,-10.0,1128,1102,276,13,58,17.0,0.0471014492753623,0.2101449275362318,0.0615942028985507
JPN-TWN,201905,352,4.14295756484391,-10.0,1473,1463,353,15,61,28.0,0.0426136363636363,0.1732954545454545,0.0795454545454545
JPN-TWN,201906,146,4.873348805305923,-10.0,617,617,146,6,42,16.0,0.0410958904109589,0.2876712328767123,0.1095890410958904
JPN-TWN,201907,306,3.345420194813671,-10.0,1191,1170,307,8,44,14.0,0.0261437908496732,0.1437908496732026,0.0457516339869281
JPN-TWN,201908,305,3.3681217899174904,-9.2,1405,1403,307,3,33,16.0,0.0098360655737704,0.1081967213114754,0.0524590163934426
JPN-TWN,201909,234,4.719172173377535,-10.0,1051,1041,240,8,80,22.0,0.0341880341880341,0.3418803418803419,0.094017094017094
JPN-TWN,201910,294,3.9248041715842032,-10.0,1150,1138,296,7,49,27.0,0.0238095238095238,0.1666666666666666,0.0918367346938775
JPN-TWN,201911,370,3.435659890156774,-10.0,1636,1636,381,6,58,14.0,0.0162162162162162,0.1567567567567567,0.0378378378378378
JPN-TWN,201912,334,4.209790958558996,-9.5,1354,1329,334,14,82,32.0,0.0419161676646706,0.2455089820359281,0.0958083832335329
JPN-TWN,202001,343,3.2602986577508632,-10.0,1228,1226,350,5,54,17.0,0.0145772594752186,0.1574344023323615,0.0495626822157434
JPN-TWN,202002,866,3.155728462365257,-10.0,3747,3723,955,8,195,108.0,0.0092378752886836,0.2251732101616628,0.1247113163972286
JPN-TWN,202003,264,3.230938054150712,-10.0,1056,1056,280,3,49,26.0,0.0113636363636363,0.1856060606060606,0.0984848484848484
JPN-TWN,202004,273,4.753026230675951,-10.0,1239,1216,280,24,52,31.0,0.0879120879120879,0.1904761904761904,0.1135531135531135
JPN-TWN,202005,301,3.8316202633802847,-10.0,1292,1261,306,14,70,23.0,0.0465116279069767,0.2325581395348837,0.0764119601328903
JPN-TWN,202006,415,3.9020558740534335,-10.0,1747,1744,439,12,162,24.0,0.0289156626506024,0.3903614457831325,0.0578313253012048
JPN-TWN,202007,420,3.532119886756369,-10.0,1566,1561,420,5,73,25.0,0.0119047619047619,0.1738095238095238,0.0595238095238095
JPN-TWN,202008,418,3.5787999420904866,-10.0,1582,1563,420,14,61,27.0,0.0334928229665071,0.145933014354067,0.0645933014354067
JPN-TWN,202009,514,3.485123092683334,-10.0,1911,1892,528,7,98,20.0,0.0136186770428015,0.1906614785992217,0.0389105058365758
JPN-TWN,202010,266,3.480119571440356,-10.0,1234,1194,279,8,31,15.0,0.0300751879699248,0.1165413533834586,0.056390977443609
JPN-TWN,202011,102,4.421295710101718,-10.0,452,450,102,2,29,6.0,0.0196078431372549,0.284313725490196,0.0588235294117647
JPN-TWN,202012,316,3.0915726058781337,-8.0,1283,1283,321,1,67,13.0,0.0031645569620253,0.2120253164556962,0.0411392405063291
JPN-TWN,202101,255,4.621630778352236,-10.0,969,960,265,21,39,31.0,0.0823529411764705,0.1529411764705882,0.1215686274509803
JPN-TWN,202102,243,3.211090457831211,-10.0,1045,1011,246,2,38,8.0,0.0082304526748971,0.1563786008230452,0.0329218106995884
JPN-TWN,202103,403,3.4543650898384777,-10.0,1511,1489,404,6,73,15.0,0.0148883374689826,0.1811414392059553,0.0372208436724565
JPN-TWN,202104,644,3.7035542072478176,-10.0,2818,2818,682,13,185,31.0,0.0201863354037267,0.2872670807453416,0.0481366459627329
JPN-TWN,202105,420,3.951967663657253,-10.0,1737,1727,426,18,128,37.0,0.0428571428571428,0.3047619047619048,0.0880952380952381
JPN-TWN,202106,784,4.4554449955854185,-10.0,3703,3674,812,37,161,46.0,0.0471938775510204,0.2053571428571428,0.0586734693877551
JPN-TWN,202107,909,4.0661413256358205,-10.0,4111,4068,942,31,240,36.0,0.0341034103410341,0.264026402640264,0.0396039603960396
JPN-TWN,202108,617,4.2655631324177445,-10.0,2375,2306,619,12,136,36.0,0.019448946515397,0.2204213938411669,0.0583468395461912
JPN-TWN,202109,776,3.1408199089884747,-10.0,3170,3084,796,8,123,23.0,0.0103092783505154,0.1585051546391752,0.0296391752577319
JPN-TWN,202110,551,3.7588305356247824,-10.0,2280,2256,560,18,108,24.0,0.0326678765880217,0.1960072595281306,0.043557168784029
JPN-TWN,202111,354,4.339407118266039,-10.0,1562,1549,364,18,88,27.0,0.0508474576271186,0.2485875706214689,0.0762711864406779
JPN-TWN,202112,590,4.261156875178401,-10.0,2540,2524,603,22,186,51.0,0.0372881355932203,0.3152542372881356,0.0864406779661016
JPN-TWN,202201,478,4.706400246911019,-10.0,1872,1866,488,40,107,61.0,0.0836820083682008,0.2238493723849372,0.1276150627615062
JPN-TWN,202202,420,4.574486451881021,-10.0,2069,2057,446,27,89,62.0,0.0642857142857142,0.2119047619047619,0.1476190476190476
JPN-TWN,202203,256,4.683968653483253,-10.0,1040,1023,258,21,53,27.0,0.08203125,0.20703125,0.10546875
JPN-TWN,202204,310,3.559881374771194,-10.0,1368,1368,311,9,60,17.0,0.0290322580645161,0.1935483870967742,0.0548387096774193
JPN-TWN,202205,538,3.952073107983229,-10.0,2191,2183,552,28,103,37.0,0.0520446096654275,0.191449814126394,0.0687732342007435
JPN-TWN,202206,374,3.652410496618277,-10.0,1498,1460,378,5,75,16.0,0.0133689839572192,0.2005347593582887,0.0427807486631016
JPN-TWN,202207,1195,3.769550561332025,-10.0,4747,4640,1232,66,208,95.0,0.0552301255230125,0.1740585774058577,0.0794979079497908
JPN-TWN,202208,1644,4.666135075846903,-10.0,7021,6983,1764,167,286,267.0,0.101581508515815,0.1739659367396593,0.1624087591240876
JPN-TWN,202209,554,4.068589384794569,-10.0,2102,2093,568,24,130,40.0,0.0433212996389891,0.2346570397111913,0.0722021660649819
JPN-TWN,202210,275,4.741508723684377,-10.0,1185,1185,278,24,63,43.0,0.0872727272727272,0.2290909090909091,0.1563636363636363
JPN-TWN,202211,224,4.083724983069729,-10.0,974,940,224,12,33,18.0,0.0535714285714285,0.1473214285714285,0.0803571428571428
JPN-TWN,202212,616,3.6178770453510745,-10.0,2386,2364,641,16,143,37.0,0.0259740259740259,0.2321428571428571,0.060064935064935
JPN-TWN,202301,289,4.9671728994309445,-10.0,1184,1168,294,25,84,41.0,0.0865051903114186,0.2906574394463668,0.1418685121107266
JPN-TWN,202302,224,3.878577371657141,-10.0,961,921,236,13,48,19.0,0.0580357142857142,0.2142857142857142,0.0848214285714285
JPN-TWN,202303,404,4.344538559353915,-10.0,1496,1496,425,22,99,40.0,0.0544554455445544,0.245049504950495,0.099009900990099
JPN-TWN,202304,602,4.33617387611386,-10.0,2334,2327,618,40,100,67.0,0.0664451827242525,0.1661129568106312,0.1112956810631229
JPN-TWN,202305,605,3.7514006433212623,-10.0,2367,2305,608,17,138,35.0,0.028099173553719,0.228099173553719,0.0578512396694214
JPN-TWN,202306,430,3.5980075634779416,-10.0,1933,1932,506,16,83,38.0,0.0372093023255813,0.1930232558139535,0.0883720930232558
JPN-TWN,202307,615,3.523107188482872,-10.0,2476,2433,630,16,104,43.0,0.0260162601626016,0.1691056910569105,0.0699186991869918
JPN-TWN,202308,672,4.018615796265837,-10.0,2744,2723,696,34,116,71.0,0.050595238095238,0.1726190476190476,0.1056547619047619
JPN-TWN,202309,452,3.6415042355248106,-10.0,1760,1736,459,9,124,21.0,0.0199115044247787,0.2743362831858407,0.0464601769911504
JPN-TWN,202310,351,3.4359557063198034,-10.0,1354,1348,358,5,57,17.0,0.0142450142450142,0.1623931623931624,0.0484330484330484
JPN-TWN,202311,363,3.554846947726233,-10.0,1423,1423,375,11,66,22.0,0.0303030303030303,0.1818181818181818,0.0606060606060606
JPN-TWN,202312,359,4.036666746316212,-10.0,1240,1225,359,14,80,29.0,0.0389972144846796,0.2228412256267409,0.0807799442896936
JPN-TWN,202401,459,3.8157932697212207,-10.0,1942,1917,475,11,83,28.0,0.0239651416122004,0.1808278867102396,0.0610021786492374
JPN-TWN,202402,322,4.8643817098704725,-10.0,1332,1332,333,35,61,57.0,0.108695652173913,0.1894409937888198,0.1770186335403726
JPN-TWN,202403,366,3.5535624868264977,-10.0,1744,1658,374,13,62,18.0,0.0355191256830601,0.1693989071038251,0.0491803278688524
JPN-TWN,202404,402,3.393632746274323,-10.0,1983,1927,405,7,97,11.0,0.017412935323383,0.2412935323383084,0.0273631840796019
JPN-TWN,202405,486,3.443636783457446,-10.0,2046,2020,497,14,117,30.0,0.0288065843621399,0.2407407407407407,0.0617283950617283
JPN-TWN,202406,252,2.9676387287471,-9.0,1097,1040,255,4,42,6.0,0.0158730158730158,0.1666666666666666,0.0238095238095238
JPN-TWN,202407,459,4.585244340284572,-10.0,2119,2073,463,24,95,66.0,0.0522875816993464,0.2069716775599128,0.1437908496732026
JPN-TWN,202408,542,3.7813221615495496,-10.0,2173,2092,555,15,75,40.0,0.0276752767527675,0.1383763837638376,0.07380073800738
JPN-TWN,202409,430,3.853565511202572,-10.0,1969,1963,442,14,120,23.0,0.0325581395348837,0.2790697674418604,0.0534883720930232
JPN-TWN,202410,333,4.229691091854776,-10.0,1340,1330,337,12,87,35.0,0.036036036036036,0.2612612612612612,0.1051051051051051
JPN-TWN,202411,363,3.703635609958367,-10.0,1602,1600,365,13,65,23.0,0.0358126721763085,0.1790633608815427,0.0633608815426997
JPN-TWN,202412,308,3.467739131998331,-10.0,1140,1133,311,3,77,13.0,0.0097402597402597,0.25,0.0422077922077922
JPN-TWN,202501,255,3.1503862883196145,-10.0,1126,1122,261,1,69,10.0,0.0039215686274509,0.2705882352941176,0.0392156862745098
JPN-TWN,202502,436,4.356067401906754,-10.0,1768,1764,442,28,86,32.0,0.0642201834862385,0.1972477064220183,0.073394495412844
JPN-TWN,202503,483,3.5145498675690456,-10.0,1975,1933,486,9,107,28.0,0.0186335403726708,0.2215320910973084,0.0579710144927536
JPN-TWN,202504,259,4.539579184739854,-10.0,1030,1020,259,22,47,32.0,0.0849420849420849,0.1814671814671814,0.1235521235521235
JPN-TWN,202505,322,4.243203681310372,-10.0,1544,1518,322,16,97,34.0,0.0496894409937888,0.3012422360248447,0.1055900621118012
JPN-TWN,202506,178,3.934855845191812,-10.0,790,790,186,8,42,8.0,0.0449438202247191,0.2359550561797752,0.0449438202247191
JPN-TWN,202507,403,3.5524030317485864,-10.0,1992,1951,405,12,81,18.0,0.0297766749379652,0.2009925558312655,0.0446650124069478
JPN-TWN,202508,610,4.363556594583832,-10.0,2779,2764,651,45,151,64.0,0.0737704918032786,0.2475409836065573,0.1049180327868852
JPN-TWN,202509,445,3.3931094023233674,-10.0,1889,1867,447,9,68,19.0,0.0202247191011235,0.1528089887640449,0.0426966292134831
JPN-TWN,202510,454,3.5228684483562205,-10.0,2066,2054,469,10,86,16.0,0.0220264317180616,0.1894273127753304,0.0352422907488986
JPN-TWN,202511,1867,4.821716336614501,-10.0,9294,9179,1899,213,712,301.0,0.1140867702196036,0.3813604713444027,0.1612212104981253
JPN-TWN,202512,1095,4.556776076258389,-10.0,5113,5060,1132,105,416,175.0,0.0958904109589041,0.3799086757990867,0.1598173515981735
JPN-TWN,202602,416,5.201442057610942,-10.0,2040,2022,426,55,127,73.0,0.13221153846153846,0.30528846153846156,0.17548076923076922
JPN-TWN,202603,455,4.389136789868611,-10.0,2113,2056,458,29,80,37.0,0.06373626373626373,0.17582417582417584,0.08131868131868132
JPN-TWN,202604,304,5.270102707062848,-10.0,1338,1338,312,36,94,56.0,0.11842105263157894,0.3092105263157895,0.18421052631578946
JPN-TWN,202605,304,4.0501007215391285,-10.0,1314,1307,304,12,73,22.0,0.039473684210526314,0.24013157894736842,0.07236842105263158
JPN-TWN,202606,362,3.8041948156764906,-10.0,1918,1894,366,12,88,26.0,0.03314917127071823,0.2430939226519337,0.0718232044198895
JPN-TWN,202607,318,4.104353870127272,-9.0,1578,1546,336,10,136,41.0,0.031446540880503145,0.4276729559748428,0.1289308176100629
KOR-PRK,201501,145,4.598727855909752,-10.0,637,635,151,12,75,24.0,0.0827586206896551,0.5172413793103449,0.1655172413793103
KOR-PRK,201502,770,5.261183371525713,-10.0,3675,3665,818,78,325,162.0,0.1012987012987013,0.422077922077922,0.2103896103896103
KOR-PRK,201503,4413,5.04134413403668,-10.0,21037,20772,4919,605,2089,1102.0,0.1370949467482438,0.4733741219125311,0.2497167459777929
KOR-PRK,201504,2943,5.015291966177956,-10.0,13567,13314,3193,322,1124,577.0,0.109412164458036,0.381923207611281,0.1960584437648657
KOR-PRK,201505,4917,4.781484619273584,-10.0,24688,24156,5866,499,2004,992.0,0.1014846451088061,0.4075655887736424,0.201749033963799
KOR-PRK,201506,3307,4.860441557181118,-10.0,16784,16577,3648,255,1350,572.0,0.0771091623828243,0.4082249773208345,0.172966434835198
KOR-PRK,201507,3397,4.75667625581667,-10.0,16269,15909,3649,297,1093,434.0,0.0874300853694436,0.3217544892552252,0.1277597880482779
KOR-PRK,201508,9311,5.384003979610315,-10.0,45740,44457,10197,1545,3573,1993.0,0.1659327676941252,0.3837396627644721,0.2140479003329395
KOR-PRK,201509,3184,4.857837644752292,-10.0,15737,15421,3365,265,1078,444.0,0.0832286432160804,0.3385678391959799,0.1394472361809045
KOR-PRK,201510,5073,4.64300678397029,-10.0,25370,24170,5652,451,1336,704.0,0.0889020303567908,0.2633550167553716,0.1387739010447467
KOR-PRK,201511,3846,4.908429260726331,-10.0,18939,18275,4276,326,1114,520.0,0.0847633905356214,0.2896515860634425,0.1352054082163286
KOR-PRK,201512,3480,4.636929557165844,-10.0,15976,15283,3629,243,1216,550.0,0.0698275862068965,0.3494252873563218,0.1580459770114942
KOR-PRK,201601,9544,4.673590273723796,-10.0,44901,44041,10343,630,4714,1364.0,0.0660100586756077,0.4939228834870075,0.1429170159262363
KOR-PRK,201602,11593,5.326329336216996,-10.0,53590,52666,12572,1692,5404,2985.0,0.1459501423272664,0.4661433623738463,0.2574829638575002
KOR-PRK,201603,11904,5.418028360299939,-10.0,58381,57485,13015,2684,5363,3719.0,0.2254704301075268,0.4505208333333333,0.3124159946236559
KOR-PRK,201604,9073,4.732142964442353,-10.0,42505,41862,9808,1237,4865,1870.0,0.1363385870164223,0.5362063264631324,0.2061060288768874
KOR-PRK,201605,6099,5.049307609938456,-10.0,28526,27963,6601,773,2472,1067.0,0.1267420888670273,0.4053123462862764,0.1749467125758321
KOR-PRK,201606,4686,5.058917275834156,-10.0,21313,20530,4998,610,1783,873.0,0.1301749893299189,0.3804950917626974,0.1862996158770806
KOR-PRK,201607,5307,5.378449639878068,-10.0,25946,25673,5762,1058,2471,1480.0,0.19935933672508,0.4656114565667986,0.2788769549651403
KOR-PRK,201608,7178,4.929593307467061,-10.0,32664,32108,7989,1314,3736,1856.0,0.1830593480078016,0.5204792421287266,0.2585678461967122
KOR-PRK,201609,7795,4.954690261073343,-10.0,36466,35745,8445,1085,3658,1596.0,0.1391917896087235,0.469275176395125,0.204746632456703
KOR-PRK,201610,3865,4.64706075031107,-10.0,16445,16186,3998,378,1769,564.0,0.0978007761966364,0.4576972833117723,0.1459249676584735
KOR-PRK,201611,2645,4.700635993736775,-10.0,11265,11065,2847,159,1063,272.0,0.0601134215500945,0.4018903591682419,0.1028355387523629
KOR-PRK,201612,2972,4.83928099992121,-10.0,15004,14646,3401,377,1260,552.0,0.126850605652759,0.423956931359354,0.1857335127860027
KOR-PRK,201701,3167,4.671979663890582,-10.0,13724,13496,3439,271,1365,414.0,0.0855699400063151,0.4310072623934323,0.1307230817808651
KOR-PRK,201702,9569,5.435341356214298,-10.0,38426,37865,10625,2636,3878,3227.0,0.2754728811788066,0.4052670080468178,0.3372348207754206
KOR-PRK,201703,10238,5.224992087886106,-10.0,44142,43327,11692,1808,4628,2789.0,0.1765969915999218,0.452041414338738,0.2724164875952334
KOR-PRK,201704,13166,5.324420059496622,-10.0,53808,52497,14997,2023,5497,3207.0,0.1536533495366854,0.4175148108765,0.2435819535166337
KOR-PRK,201705,11052,5.309419007692924,-10.0,51719,50476,12464,2157,4147,2773.0,0.1951682953311617,0.3752262034020991,0.2509048136083966
KOR-PRK,201706,6271,5.215008593106385,-10.0,27857,27146,6967,776,2403,1216.0,0.1237442194227396,0.3831924732897464,0.1939084675490352
KOR-PRK,201707,8935,5.314323616796062,-10.0,39827,38523,9796,1057,3432,1867.0,0.1182988248461108,0.3841074426412982,0.2089535534415221
KOR-PRK,201708,9778,5.299454738041805,-10.0,41521,40271,10551,1264,4067,2153.0,0.1292697893229699,0.4159337287788914,0.2201881775414195
KOR-PRK,201709,13926,5.364838630020064,-10.0,60612,59353,15746,1863,5380,2779.0,0.1337785437311503,0.3863277322992963,0.1995547896021829
KOR-PRK,201710,7841,4.991028485018536,-10.0,30811,29816,8261,814,2993,1241.0,0.1038132891212855,0.3817115163882157,0.1582706287463333
KOR-PRK,201711,10819,5.156186005756896,-10.0,44797,43507,11797,1576,3719,2069.0,0.1456696552361586,0.343747111562991,0.1912376374896016
KOR-PRK,201712,7285,5.287786901661164,-10.0,32460,31323,7824,779,2763,1220.0,0.1069320521619766,0.3792724776938915,0.1674673987645847
KOR-PRK,201801,9912,4.3202281827200695,-10.0,48688,47000,10777,426,2204,733.0,0.0429782082324455,0.2223567393058918,0.0739507667473769
KOR-PRK,201802,9502,3.960939092089864,-10.0,40421,39037,10372,396,1944,651.0,0.0416754367501578,0.2045885076825931,0.068511892233214
KOR-PRK,201803,16091,3.473163521393087,-10.0,66780,64845,18577,333,2397,653.0,0.0206947983344726,0.1489652600832763,0.0405816916288608
KOR-PRK,201804,14544,3.844213846231528,-10.0,62695,60731,15990,509,2582,923.0,0.0349972497249725,0.1775302530253025,0.0634625962596259
KOR-PRK,201805,20672,4.3536419958763055,-10.0,80098,77926,23362,519,5586,2086.0,0.0251064241486068,0.2702205882352941,0.1009094427244582
KOR-PRK,201806,12186,4.412585006461543,-10.0,43101,42136,13330,435,2896,1259.0,0.035696701132447,0.2376497620219924,0.1033152798293123
KOR-PRK,201807,6326,4.17953984201064,-10.0,22937,22146,6670,249,1461,542.0,0.0393613657919696,0.2309516282010749,0.0856781536515965
KOR-PRK,201808,8441,4.104623827380991,-10.0,42556,37839,10023,361,1714,881.0,0.0427674446155668,0.2030565098921928,0.1043715199620898
KOR-PRK,201809,12506,3.185954840505522,-10.0,49504,48295,14018,224,1536,468.0,0.0179114025267871,0.1228210458979689,0.0374220374220374
KOR-PRK,201810,7614,3.747553753084253,-10.0,32056,31088,8860,203,1356,433.0,0.0266614131862358,0.1780929866036249,0.0568689256632519
KOR-PRK,201811,5245,4.152110511037155,-10.0,24838,24031,6126,198,1219,489.0,0.0377502383222116,0.2324118207816968,0.0932316491897044
KOR-PRK,201812,5026,3.701792080028527,-10.0,21894,20938,5646,149,1039,233.0,0.0296458416235575,0.206725029844807,0.046358933545563
KOR-PRK,201901,4518,3.829817128633125,-10.0,17500,17118,5032,109,935,216.0,0.0241257193448428,0.2069499778663125,0.047808764940239
KOR-PRK,201902,5888,3.9290218284790495,-10.0,20627,19967,6905,166,1160,353.0,0.0281929347826086,0.1970108695652173,0.0599524456521739
KOR-PRK,201903,5317,4.560712638718253,-10.0,21264,20725,5970,238,1459,562.0,0.0447620838818882,0.274402858754937,0.1056987022757194
KOR-PRK,201904,3955,3.941946985460314,-10.0,14849,14482,4343,120,1006,240.0,0.0303413400758533,0.2543615676359039,0.0606826801517067
KOR-PRK,201905,5128,5.447315324557494,-10.0,22096,21526,5658,799,1438,937.0,0.1558112324492979,0.2804212168486739,0.1827223088923557
KOR-PRK,201906,6330,3.908633250169608,-10.0,23469,23019,7407,241,1294,377.0,0.0380726698262243,0.2044233807266982,0.0595576619273301
KOR-PRK,201907,5768,5.155830953513913,-10.0,23630,23131,6395,760,1901,1072.0,0.1317614424410541,0.3295769764216366,0.1858529819694868
KOR-PRK,201908,6257,5.438172228856916,-10.0,28537,27402,6865,869,2566,1432.0,0.1388844494166533,0.4101006872303021,0.228863672686591
KOR-PRK,201909,2937,4.534838348369705,-10.0,11850,11625,3188,225,800,350.0,0.076608784473953,0.2723867892407218,0.1191692202928157
KOR-PRK,201910,3109,5.206302713553731,-10.0,13479,12959,3316,447,873,552.0,0.143776133805082,0.2807976841428112,0.1775490511418462
KOR-PRK,201911,3831,5.340485875157138,-10.0,16665,16225,4189,503,1393,730.0,0.1312973114069433,0.3636126337770817,0.1905507700339337
KOR-PRK,201912,3822,4.506464277357633,-10.0,14336,13937,4087,228,1103,379.0,0.0596546310832025,0.2885923600209314,0.0991627420198848
KOR-PRK,202001,1886,4.386078889683908,-10.0,8288,8007,1995,118,582,227.0,0.0625662778366914,0.3085896076352067,0.1203605514316012
KOR-PRK,202002,1256,4.772807870814154,-10.0,5062,4931,1322,111,408,175.0,0.0883757961783439,0.3248407643312102,0.1393312101910828
KOR-PRK,202003,2141,5.38624237459621,-10.0,10697,10501,2490,497,717,583.0,0.2321345165810369,0.3348902382064456,0.272302662307333
KOR-PRK,202004,2692,4.665437369754682,-10.0,11484,11108,2956,287,982,365.0,0.1066121842496285,0.3647845468053491,0.1355869242199108
KOR-PRK,202005,1991,5.310759472991662,-10.0,9119,8920,2153,412,747,478.0,0.2069311903566047,0.3751883475640382,0.2400803616273229
KOR-PRK,202006,6329,4.658967320076023,-10.0,28876,28199,6667,454,2986,926.0,0.0717332911992415,0.471796492336862,0.1463106335914046
KOR-PRK,202007,2704,4.5855904121948,-10.0,12240,11925,2957,215,828,345.0,0.0795118343195266,0.3062130177514793,0.1275887573964497
KOR-PRK,202008,1398,4.75181192011725,-10.0,5901,5834,1508,102,414,164.0,0.0729613733905579,0.296137339055794,0.117310443490701
KOR-PRK,202009,2837,5.841668922479268,-10.0,13923,13640,3187,742,1037,861.0,0.2615438843849136,0.3655269651039831,0.303489601691928
KOR-PRK,202010,1248,4.810018805985798,-10.0,5444,5375,1300,159,511,194.0,0.1274038461538461,0.4094551282051282,0.1554487179487179
KOR-PRK,202011,919,5.450611733814672,-10.0,4075,3944,969,169,322,235.0,0.1838955386289445,0.3503808487486398,0.2557127312295973
KOR-PRK,202012,1125,4.470853134481031,-10.0,4439,4341,1183,69,454,149.0,0.0613333333333333,0.4035555555555555,0.1324444444444444
KOR-PRK,202101,1461,4.435161412623206,-10.0,5674,5587,1562,93,587,181.0,0.0636550308008213,0.4017796030116358,0.1238877481177275
KOR-PRK,202102,924,4.778820664748169,-10.0,3903,3819,951,87,332,147.0,0.0941558441558441,0.3593073593073593,0.1590909090909091
KOR-PRK,202103,2580,4.989516247732697,-10.0,10558,10352,2783,308,1002,469.0,0.1193798449612403,0.3883720930232558,0.1817829457364341
KOR-PRK,202104,1009,4.526579443776599,-10.0,4288,4227,1042,78,358,122.0,0.0773042616451932,0.354806739345887,0.1209117938553022
KOR-PRK,202105,1513,4.514739804491597,-10.0,6439,6333,1583,109,496,164.0,0.0720423000660938,0.3278255122273628,0.108393919365499
KOR-PRK,202106,1196,4.492073600770965,-10.0,5141,4911,1240,90,315,119.0,0.0752508361204013,0.2633779264214047,0.0994983277591973
KOR-PRK,202107,1102,4.486203232262376,-10.0,5055,4921,1173,75,299,120.0,0.0680580762250453,0.2713248638838475,0.1088929219600726
KOR-PRK,202108,1755,4.6982769784970575,-10.0,7344,7084,1808,91,570,197.0,0.0518518518518518,0.3247863247863248,0.1122507122507122
KOR-PRK,202109,3386,5.261692721111606,-10.0,15652,15221,3783,473,1089,655.0,0.1396928529238039,0.3216184288245717,0.1934435912581217
KOR-PRK,202110,2694,5.150959447447879,-10.0,12166,11916,2868,332,728,458.0,0.1232368225686711,0.2702301410541945,0.170007423904974
KOR-PRK,202111,872,4.775528326703205,-10.0,3660,3600,911,61,229,98.0,0.0699541284403669,0.2626146788990826,0.1123853211009174
KOR-PRK,202112,1117,4.760567388905727,-10.0,4888,4782,1224,93,303,146.0,0.0832587287376902,0.2712623097582811,0.1307072515666965
KOR-PRK,202201,3453,5.703279888397512,-10.0,16246,15961,3662,982,1143,1169.0,0.2843903851723139,0.3310165073848827,0.3385461917173472
KOR-PRK,202202,1455,5.260780345912283,-10.0,5900,5808,1514,229,487,273.0,0.1573883161512027,0.3347079037800687,0.1876288659793814
KOR-PRK,202203,2216,5.577489857511359,-10.0,9708,9514,2368,543,939,660.0,0.2450361010830325,0.4237364620938628,0.2978339350180505
KOR-PRK,202204,1977,4.726299863829096,-10.0,8524,8433,2191,164,780,253.0,0.0829539706626201,0.3945371775417299,0.1279716742539201
KOR-PRK,202205,3983,5.360124778767015,-10.0,17212,16967,4229,628,1274,783.0,0.1576700979161436,0.3198594024604569,0.1965854883253829
KOR-PRK,202206,2598,5.768368860058708,-10.0,11869,11582,2749,524,902,700.0,0.201693610469592,0.3471901462663587,0.2694380292532717
KOR-PRK,202207,1598,5.467936871300358,-10.0,7901,7684,1757,244,667,377.0,0.1526908635794743,0.4173967459324155,0.2359198998748435
KOR-PRK,202208,2325,4.8946177319611,-10.0,10085,9925,2412,199,935,387.0,0.0855913978494623,0.4021505376344086,0.1664516129032258
KOR-PRK,202209,3019,5.457026454312905,-10.0,13327,13092,3268,533,953,675.0,0.1765485260019874,0.3156674395495197,0.2235839682013911
KOR-PRK,202210,4905,5.558835039992118,-10.0,24294,23801,5366,1471,1988,1948.0,0.2998980632008154,0.4053007135575943,0.3971457696228338
KOR-PRK,202211,4975,5.527447996178669,-10.0,24005,23657,5532,1480,2070,1855.0,0.2974874371859296,0.4160804020100502,0.3728643216080402
KOR-PRK,202212,3101,5.628216774883308,-10.0,15038,14850,3246,981,1215,1161.0,0.3163495646565624,0.3918090938406965,0.3743953563366656
KOR-PRK,202301,1873,5.046216134215496,-10.0,8051,7853,1941,252,701,359.0,0.1345435130806193,0.3742658836091831,0.191671115856914
KOR-PRK,202302,2482,5.374734863713478,-10.0,12939,12706,2740,487,1079,694.0,0.1962127316680096,0.4347300564061241,0.2796132151490733
KOR-PRK,202303,4141,5.6814994106957055,-10.0,18419,17899,4496,838,1898,1389.0,0.2023665781212267,0.4583433953151413,0.3354262255493842
KOR-PRK,202304,3820,5.221041663587126,-10.0,16729,16329,4090,551,1677,810.0,0.144240837696335,0.4390052356020942,0.2120418848167539
KOR-PRK,202305,2247,4.866237261459898,-10.0,9385,9129,2349,230,994,340.0,0.1023587004895416,0.4423676012461059,0.1513128615932354
KOR-PRK,202306,2294,5.39073824511163,-10.0,9557,9269,2383,381,941,518.0,0.1660854402789886,0.4102005231037489,0.2258064516129032
KOR-PRK,202307,5995,5.610484976274095,-10.0,24086,23628,6707,1115,1928,1576.0,0.1859883236030025,0.3216013344453711,0.2628857381150959
KOR-PRK,202308,2907,5.274855792033018,-10.0,11483,11164,3047,393,1099,619.0,0.1351909184726522,0.3780529755761954,0.2129342965256278
KOR-PRK,202309,4333,5.248938529658353,-10.0,15999,15680,4724,710,1489,970.0,0.1638587583660281,0.3436418186014309,0.2238633741057004
KOR-PRK,202310,1924,5.065321990727249,-10.0,8049,7787,1999,213,709,328.0,0.1107068607068607,0.3685031185031185,0.1704781704781705
KOR-PRK,202311,3361,4.5792509393997705,-10.0,14462,14181,3626,261,1553,393.0,0.0776554596846176,0.4620648616483189,0.1169294852722404
KOR-PRK,202312,2933,5.121044291235203,-10.0,13016,12701,3218,460,1284,581.0,0.156836004091374,0.4377770201159223,0.198090692124105
KOR-PRK,202401,5356,5.628412234729054,-10.0,25718,25023,5765,1353,2177,1669.0,0.2526138909634055,0.4064600448095594,0.311613144137416
KOR-PRK,202402,2116,5.245487112435099,-10.0,8705,8589,2221,343,903,506.0,0.1620982986767485,0.4267485822306238,0.2391304347826087
KOR-PRK,202403,2205,5.31409722217061,-10.0,9570,9349,2333,366,869,551.0,0.1659863945578231,0.3941043083900227,0.2498866213151927
KOR-PRK,202404,1840,5.23996844437626,-10.0,7994,7799,1931,337,707,429.0,0.1831521739130434,0.3842391304347826,0.2331521739130434
KOR-PRK,202405,2704,4.970770567630514,-10.0,11395,11009,2871,432,1266,616.0,0.1597633136094674,0.4681952662721893,0.2278106508875739
KOR-PRK,202406,5245,5.115633031574419,-10.0,22239,21766,5573,591,2302,834.0,0.1126787416587225,0.4388941849380362,0.1590085795996186
KOR-PRK,202407,3016,4.79051681016198,-10.0,12585,12053,3148,280,1326,426.0,0.0928381962864721,0.4396551724137931,0.1412466843501326
KOR-PRK,202408,2107,4.723411180268866,-10.0,9166,8898,2192,146,886,263.0,0.0692928334124347,0.4205030849549122,0.1248220218319886
KOR-PRK,202409,1903,5.074011506018816,-10.0,7694,7472,1996,320,875,419.0,0.1681555438780872,0.4598003152916448,0.2201786652653704
KOR-PRK,202410,7700,4.962879005085865,-10.0,32940,32350,8271,626,3956,1163.0,0.0812987012987013,0.5137662337662338,0.151038961038961
KOR-PRK,202411,3929,5.283356981301996,-10.0,14980,14720,4192,511,1725,684.0,0.1300585390684652,0.4390430134894375,0.1740900992618987
KOR-PRK,202412,2423,5.347216846741091,-10.0,9225,9047,2519,339,1079,486.0,0.1399092034667767,0.4453157243087082,0.2005777961205117
KOR-PRK,202501,2478,5.439960667387104,-10.0,9420,9280,2616,428,967,564.0,0.1727199354317998,0.3902340597255851,0.2276029055690072
KOR-PRK,202502,1697,4.612193377899444,-10.0,6523,6421,1754,133,666,192.0,0.0783736004714201,0.3924572775486152,0.1131408367707719
KOR-PRK,202503,1754,5.659987252663306,-10.0,7179,7045,1868,286,660,431.0,0.1630558722919042,0.3762827822120866,0.2457240592930444
KOR-PRK,202504,1529,5.453748884470826,-10.0,5871,5683,1682,247,613,352.0,0.1615434924787442,0.4009156311314584,0.2302158273381295
KOR-PRK,202505,1283,5.43721726198198,-10.0,5010,4831,1314,224,410,267.0,0.1745908028059236,0.3195635229929852,0.2081060015588464
KOR-PRK,202506,872,4.31421939860098,-10.0,3674,3503,900,42,437,91.0,0.0481651376146789,0.5011467889908257,0.1043577981651376
KOR-PRK,202507,1945,4.40490584759152,-10.0,7325,7100,2023,114,751,228.0,0.058611825192802,0.3861182519280206,0.1172236503856041
KOR-PRK,202508,2973,4.679079496520472,-10.0,11398,11223,3148,227,1354,388.0,0.0763538513286242,0.4554322233434241,0.1305079044735957
KOR-PRK,202509,1540,4.655333428451624,-10.0,5687,5635,1617,117,543,165.0,0.0759740259740259,0.3525974025974026,0.1071428571428571
KOR-PRK,202510,2810,4.772088011790749,-10.0,10706,10411,2992,253,652,451.0,0.0900355871886121,0.2320284697508896,0.1604982206405694
KOR-PRK,202511,2061,4.856132600268952,-10.0,8449,8230,2133,194,675,267.0,0.0941290635613779,0.3275109170305676,0.1295487627365356
KOR-PRK,202512,1342,4.679462422550813,-10.0,5511,5374,1365,94,479,154.0,0.0700447093889716,0.356929955290611,0.1147540983606557
KOR-PRK,202602,1181,4.400942337728304,-10.0,4131,4055,1220,75,393,126.0,0.06350550381033022,0.3327688399661304,0.10668924640135478
KOR-PRK,202603,1581,5.376618864730568,-10.0,6200,6086,1681,242,634,354.0,0.15306767868437698,0.4010120177103099,0.2239089184060721
KOR-PRK,202604,1605,5.136085328664344,-10.0,6268,6105,1627,233,545,310.0,0.14517133956386294,0.3395638629283489,0.19314641744548286
KOR-PRK,202605,1016,4.8734764521763525,-10.0,4032,3928,1023,106,291,143.0,0.10433070866141732,0.28641732283464566,0.140748031496063
KOR-PRK,202606,1790,4.279391041172348,-10.0,6515,6273,1833,90,624,203.0,0.05027932960893855,0.3486033519553073,0.11340782122905028
KOR-PRK,202607,886,4.363848502312136,-10.0,3418,3343,894,52,304,92.0,0.05869074492099323,0.3431151241534989,0.1038374717832957
KOR-TWN,201502,25,4.891039425997982,-5.0,132,132,25,0,12,8.0,0.0,0.48,0.32
KOR-TWN,201503,177,4.953355684506896,-10.0,721,696,177,22,48,32.0,0.1242937853107344,0.2711864406779661,0.1807909604519774
KOR-TWN,201504,147,3.518888420398918,-5.0,607,607,147,0,26,8.0,0.0,0.1768707482993197,0.0544217687074829
KOR-TWN,201505,66,3.221042773717318,-5.0,296,296,66,0,9,1.0,0.0,0.1363636363636363,0.0151515151515151
KOR-TWN,201506,396,4.742611370698272,-10.0,1781,1752,413,22,105,87.0,0.0555555555555555,0.2651515151515151,0.2196969696969697
KOR-TWN,201507,136,3.627053997001941,-10.0,653,651,144,1,28,13.0,0.0073529411764705,0.2058823529411764,0.0955882352941176
KOR-TWN,201508,152,4.011774616037768,-10.0,774,764,154,6,28,15.0,0.0394736842105263,0.1842105263157894,0.0986842105263157
KOR-TWN,201509,89,5.094956848797975,-10.0,374,354,89,9,12,13.0,0.1011235955056179,0.1348314606741573,0.146067415730337
KOR-TWN,201510,159,3.971496044257351,-10.0,794,794,167,2,74,5.0,0.0125786163522012,0.4654088050314465,0.0314465408805031
KOR-TWN,201511,103,3.643977530725424,-10.0,452,428,111,4,22,5.0,0.0388349514563106,0.2135922330097087,0.0485436893203883
KOR-TWN,201512,243,3.71918560948444,-10.0,802,802,243,1,61,9.0,0.0041152263374485,0.2510288065843621,0.037037037037037
KOR-TWN,201601,228,4.053837469627624,-10.0,905,897,228,1,84,12.0,0.0043859649122807,0.3684210526315789,0.0526315789473684
KOR-TWN,201602,131,5.189597075686821,-10.0,577,577,134,11,18,12.0,0.0839694656488549,0.1374045801526717,0.0916030534351145
KOR-TWN,201603,145,4.387243677768835,-10.0,635,629,145,7,32,17.0,0.0482758620689655,0.2206896551724138,0.1172413793103448
KOR-TWN,201604,111,4.217492724504084,-10.0,411,396,116,7,18,14.0,0.063063063063063,0.1621621621621621,0.1261261261261261
KOR-TWN,201605,135,3.504312592229393,-5.0,467,467,149,0,28,3.0,0.0,0.2074074074074074,0.0222222222222222
KOR-TWN,201606,118,3.3388650319500823,-10.0,501,501,118,2,21,3.0,0.0169491525423728,0.1779661016949152,0.0254237288135593
KOR-TWN,201607,134,3.7348751582264095,-10.0,537,533,135,2,49,11.0,0.0149253731343283,0.3656716417910448,0.0820895522388059
KOR-TWN,201608,166,4.630635165637633,-10.0,701,701,169,12,36,24.0,0.072289156626506,0.216867469879518,0.144578313253012
KOR-TWN,201609,118,3.58525730869884,-5.0,500,500,118,0,21,7.0,0.0,0.1779661016949152,0.059322033898305
KOR-TWN,201610,140,3.2916150598076817,-5.0,601,593,140,0,28,8.0,0.0,0.2,0.0571428571428571
KOR-TWN,201611,112,4.291267865165829,-10.0,373,373,114,5,23,5.0,0.0446428571428571,0.2053571428571428,0.0446428571428571
KOR-TWN,201612,125,3.459827890554394,-7.0,474,474,125,0,23,4.0,0.0,0.184,0.032
KOR-TWN,201701,224,6.2555156955724165,-10.0,1283,1277,225,68,47,72.0,0.3035714285714285,0.2098214285714285,0.3214285714285714
KOR-TWN,201702,162,4.423207933464916,-10.0,635,635,168,8,40,33.0,0.0493827160493827,0.2469135802469135,0.2037037037037037
KOR-TWN,201703,157,3.612733685725872,-9.0,692,690,158,2,51,22.0,0.0127388535031847,0.3248407643312102,0.1401273885350318
KOR-TWN,201704,124,3.285140071963548,-9.0,566,558,126,2,42,9.0,0.0161290322580645,0.3387096774193548,0.0725806451612903
KOR-TWN,201705,108,2.6677840338172696,-5.0,450,450,108,0,22,4.0,0.0,0.2037037037037037,0.037037037037037
KOR-TWN,201706,170,2.14549358143313,-5.0,623,623,174,0,12,1.0,0.0,0.0705882352941176,0.0058823529411764
KOR-TWN,201707,94,4.102565864339325,-9.0,449,446,97,4,21,5.0,0.0425531914893617,0.2234042553191489,0.0531914893617021
KOR-TWN,201708,83,4.188115505792777,-10.0,289,287,83,3,16,9.0,0.036144578313253,0.1927710843373494,0.108433734939759
KOR-TWN,201709,110,3.622135749732641,-6.5,387,383,110,0,23,8.0,0.0,0.209090909090909,0.0727272727272727
KOR-TWN,201710,77,3.4698151571633304,-9.5,310,310,78,1,21,7.0,0.0129870129870129,0.2727272727272727,0.0909090909090909
KOR-TWN,201711,179,3.319135330687572,-5.0,718,708,179,0,18,3.0,0.0,0.1005586592178771,0.0167597765363128
KOR-TWN,201712,205,2.9218349645418256,-7.2,941,941,209,0,39,6.0,0.0,0.1902439024390244,0.0292682926829268
KOR-TWN,201801,136,3.994315950554492,-10.0,543,539,136,7,19,12.0,0.0514705882352941,0.1397058823529411,0.088235294117647
KOR-TWN,201802,118,3.459410237967318,-9.5,460,455,119,2,21,2.0,0.0169491525423728,0.1779661016949152,0.0169491525423728
KOR-TWN,201803,125,2.9416975568757966,-5.0,494,492,125,0,13,3.0,0.0,0.104,0.024
KOR-TWN,201804,145,3.9880686517262,-10.0,545,545,149,8,28,25.0,0.0551724137931034,0.193103448275862,0.1724137931034483
KOR-TWN,201805,92,3.8374974612901696,-10.0,352,352,92,1,25,5.0,0.0108695652173913,0.2717391304347826,0.0543478260869565
KOR-TWN,201806,148,2.384734961875094,-5.0,523,523,171,0,11,0.0,0.0,0.0743243243243243,0.0
KOR-TWN,201807,206,3.3204821494700267,-10.0,787,786,211,5,19,11.0,0.0242718446601941,0.0922330097087378,0.0533980582524271
KOR-TWN,201808,110,3.82204483083433,-10.0,471,465,117,1,36,7.0,0.009090909090909,0.3272727272727272,0.0636363636363636
KOR-TWN,201809,75,4.346390031544144,-10.0,309,301,83,5,32,10.0,0.0666666666666666,0.4266666666666667,0.1333333333333333
KOR-TWN,201810,147,4.2757700460308135,-10.0,601,601,147,3,40,29.0,0.0204081632653061,0.272108843537415,0.1972789115646258
KOR-TWN,201811,192,3.2828099528812924,-9.2,787,783,193,1,33,13.0,0.0052083333333333,0.171875,0.0677083333333333
KOR-TWN,201812,89,4.719982568223208,-10.0,459,459,101,6,11,7.0,0.0674157303370786,0.1235955056179775,0.0786516853932584
KOR-TWN,201901,94,3.58056601469472,-5.0,384,384,94,0,22,4.0,0.0,0.2340425531914893,0.0425531914893617
KOR-TWN,201902,71,3.5713204812616968,-5.0,261,261,71,0,19,8.0,0.0,0.2676056338028169,0.1126760563380281
KOR-TWN,201903,51,2.948516409926837,-5.0,192,192,51,0,14,1.0,0.0,0.2745098039215686,0.0196078431372549
KOR-TWN,201904,74,4.815380916690276,-10.0,342,306,76,4,16,8.0,0.054054054054054,0.2162162162162162,0.1081081081081081
KOR-TWN,201905,100,4.315003657664334,-9.0,393,393,100,2,21,9.0,0.02,0.21,0.09
KOR-TWN,201906,62,3.4766521244887008,-10.0,323,323,73,2,5,2.0,0.032258064516129,0.0806451612903225,0.032258064516129
KOR-TWN,201907,146,4.007356249397979,-10.0,545,533,146,6,23,9.0,0.0410958904109589,0.1575342465753424,0.0616438356164383
KOR-TWN,201908,107,4.273158712447606,-10.0,451,451,107,4,27,13.0,0.0373831775700934,0.2523364485981308,0.1214953271028037
KOR-TWN,201909,106,3.2583372914359106,-5.0,427,427,106,0,20,6.0,0.0,0.1886792452830188,0.0566037735849056
KOR-TWN,201910,163,3.4890816596695124,-10.0,669,632,163,4,60,5.0,0.0245398773006134,0.3680981595092024,0.0306748466257668
KOR-TWN,201911,104,3.620344864514076,-6.5,437,417,104,0,29,7.0,0.0,0.2788461538461538,0.0673076923076923
KOR-TWN,201912,81,4.45836119755917,-10.0,344,334,85,6,19,9.0,0.074074074074074,0.2345679012345679,0.1111111111111111
KOR-TWN,202001,80,3.209637139868034,-10.0,329,329,80,1,18,3.0,0.0125,0.225,0.0375
KOR-TWN,202002,156,3.143654577488453,-7.0,669,657,167,0,45,6.0,0.0,0.2884615384615384,0.0384615384615384
KOR-TWN,202003,201,5.139912934585992,-10.0,789,789,220,23,34,34.0,0.1144278606965174,0.1691542288557214,0.1691542288557214
KOR-TWN,202004,213,4.936066402312284,-10.0,892,892,213,18,51,38.0,0.0845070422535211,0.2394366197183098,0.1784037558685446
KOR-TWN,202005,124,3.274349363701595,-10.0,450,444,126,3,32,9.0,0.0241935483870967,0.2580645161290322,0.0725806451612903
KOR-TWN,202006,81,4.503167952113076,-10.0,342,342,86,1,31,10.0,0.0123456790123456,0.382716049382716,0.1234567901234567
KOR-TWN,202007,87,3.341443488525404,-10.0,395,391,87,1,32,4.0,0.0114942528735632,0.367816091954023,0.0459770114942528
KOR-TWN,202008,98,2.4978155825881627,-4.4,376,376,100,0,17,0.0,0.0,0.173469387755102,0.0
KOR-TWN,202009,126,3.412441847867794,-10.0,426,425,132,4,12,5.0,0.0317460317460317,0.0952380952380952,0.0396825396825396
KOR-TWN,202010,123,3.105520186873836,-10.0,465,465,127,2,8,3.0,0.016260162601626,0.065040650406504,0.024390243902439
KOR-TWN,202011,67,3.869644940745281,-10.0,259,259,67,2,11,3.0,0.0298507462686567,0.1641791044776119,0.044776119402985
KOR-TWN,202012,84,4.007305971278825,-10.0,332,332,84,5,16,5.0,0.0595238095238095,0.1904761904761904,0.0595238095238095
KOR-TWN,202101,133,4.165317530497541,-10.0,473,473,146,6,17,7.0,0.0451127819548872,0.1278195488721804,0.0526315789473684
KOR-TWN,202102,77,4.767001447709104,-10.0,260,260,82,7,11,9.0,0.0909090909090909,0.1428571428571428,0.1168831168831168
KOR-TWN,202103,106,4.703139208942069,-10.0,387,373,106,7,20,9.0,0.0660377358490566,0.1886792452830188,0.0849056603773584
KOR-TWN,202104,71,3.421846607495928,-6.5,318,318,71,0,18,2.0,0.0,0.2535211267605634,0.028169014084507
KOR-TWN,202105,142,3.7848791471888887,-10.0,580,580,147,6,50,8.0,0.0422535211267605,0.352112676056338,0.056338028169014
KOR-TWN,202106,127,3.9141173922903647,-10.0,529,519,131,3,60,7.0,0.0236220472440944,0.4724409448818897,0.0551181102362204
KOR-TWN,202107,56,3.320572924278963,-10.0,260,256,56,1,10,1.0,0.0178571428571428,0.1785714285714285,0.0178571428571428
KOR-TWN,202108,73,4.975440826250988,-10.0,268,268,73,5,25,10.0,0.0684931506849315,0.3424657534246575,0.136986301369863
KOR-TWN,202109,72,2.3320448320286533,-2.0,264,264,72,0,11,0.0,0.0,0.1527777777777778,0.0
KOR-TWN,202110,99,4.386640857980482,-10.0,398,398,102,3,17,4.0,0.0303030303030303,0.1717171717171717,0.0404040404040404
KOR-TWN,202111,103,3.401656632722444,-10.0,435,435,105,1,23,1.0,0.0097087378640776,0.2233009708737864,0.0097087378640776
KOR-TWN,202112,181,3.6134272309804665,-10.0,629,629,187,3,61,5.0,0.0165745856353591,0.3370165745856354,0.0276243093922651
KOR-TWN,202201,76,4.024701579871176,-10.0,279,274,76,1,12,7.0,0.0131578947368421,0.1578947368421052,0.0921052631578947
KOR-TWN,202202,60,3.6236838639377353,-10.0,244,244,60,1,7,4.0,0.0166666666666666,0.1166666666666666,0.0666666666666666
KOR-TWN,202203,97,2.997774088308871,-10.0,401,401,98,1,13,2.0,0.0103092783505154,0.134020618556701,0.0206185567010309
KOR-TWN,202204,104,3.8407036439897233,-10.0,496,496,105,3,34,13.0,0.0288461538461538,0.3269230769230769,0.125
KOR-TWN,202205,92,3.5411693766647736,-10.0,340,340,92,2,26,6.0,0.0217391304347826,0.2826086956521739,0.0652173913043478
KOR-TWN,202206,114,4.912715552868911,-10.0,527,519,119,7,27,7.0,0.0614035087719298,0.2368421052631578,0.0614035087719298
KOR-TWN,202207,81,3.0842406072576107,-7.0,299,299,87,0,15,0.0,0.0,0.1851851851851851,0.0
KOR-TWN,202208,1123,2.179246601521374,-10.0,4470,4460,1258,2,104,46.0,0.0017809439002671,0.0926090828138913,0.0409617097061442
KOR-TWN,202209,273,3.4102678004209928,-10.0,852,850,290,2,46,15.0,0.0073260073260073,0.1684981684981685,0.0549450549450549
KOR-TWN,202210,97,4.03382791051922,-9.5,489,471,97,1,19,8.0,0.0103092783505154,0.1958762886597938,0.0824742268041237
KOR-TWN,202211,71,4.702658608481756,-10.0,304,304,73,5,18,5.0,0.0704225352112676,0.2535211267605634,0.0704225352112676
KOR-TWN,202212,85,4.607229126502136,-9.5,326,326,85,12,23,13.0,0.1411764705882353,0.2705882352941176,0.1529411764705882
KOR-TWN,202301,164,3.452942890379113,-9.2,694,689,168,2,27,4.0,0.0121951219512195,0.1646341463414634,0.024390243902439
KOR-TWN,202302,104,3.625356205619677,-10.0,387,367,104,2,17,2.0,0.0192307692307692,0.1634615384615384,0.0192307692307692
KOR-TWN,202303,125,3.4115647719995565,-10.0,549,527,137,3,18,4.0,0.024,0.144,0.032
KOR-TWN,202304,334,3.0080969416035006,-10.0,1148,1134,344,7,67,11.0,0.0209580838323353,0.2005988023952095,0.0329341317365269
KOR-TWN,202305,162,3.583032899705379,-10.0,643,629,164,2,29,6.0,0.0123456790123456,0.1790123456790123,0.037037037037037
KOR-TWN,202306,172,4.571453354734554,-10.0,765,765,174,16,16,18.0,0.0930232558139534,0.0930232558139534,0.1046511627906976
KOR-TWN,202307,166,3.941522020475979,-10.0,751,741,166,4,28,4.0,0.0240963855421686,0.1686746987951807,0.0240963855421686
KOR-TWN,202308,137,4.500997694848768,-10.0,625,617,139,4,45,11.0,0.0291970802919708,0.3284671532846715,0.0802919708029197
KOR-TWN,202309,121,2.3813997434895326,-9.5,461,461,121,1,19,1.0,0.0082644628099173,0.1570247933884297,0.0082644628099173
KOR-TWN,202310,115,3.159623706703599,-5.0,456,456,122,0,23,4.0,0.0,0.2,0.0347826086956521
KOR-TWN,202311,152,3.4969517548090128,-10.0,598,598,156,2,48,6.0,0.0131578947368421,0.3157894736842105,0.0394736842105263
KOR-TWN,202312,99,4.164646634640741,-10.0,354,354,99,4,34,8.0,0.0404040404040404,0.3434343434343434,0.0808080808080808
KOR-TWN,202401,125,4.495343397123797,-10.0,589,589,125,5,51,8.0,0.04,0.408,0.064
KOR-TWN,202402,84,3.998569021145873,-10.0,368,368,84,1,17,3.0,0.0119047619047619,0.2023809523809523,0.0357142857142857
KOR-TWN,202403,139,2.8465944180800906,-5.0,574,553,139,0,32,5.0,0.0,0.2302158273381295,0.0359712230215827
KOR-TWN,202404,112,3.021324761429713,-10.0,440,440,112,2,10,2.0,0.0178571428571428,0.0892857142857142,0.0178571428571428
KOR-TWN,202405,192,4.178545425612751,-10.0,808,778,192,15,76,32.0,0.078125,0.3958333333333333,0.1666666666666666
KOR-TWN,202406,144,2.7746129601220204,-10.0,823,787,159,2,18,2.0,0.0138888888888888,0.125,0.0138888888888888
KOR-TWN,202407,146,2.344657642706526,-10.0,542,514,148,2,11,2.0,0.0136986301369863,0.0753424657534246,0.0136986301369863
KOR-TWN,202408,81,3.691175663359546,-5.0,383,374,85,0,19,1.0,0.0,0.2345679012345679,0.0123456790123456
KOR-TWN,202409,66,4.128183027058649,-10.0,295,295,66,5,28,8.0,0.0757575757575757,0.4242424242424242,0.1212121212121212
KOR-TWN,202410,127,5.019756369162679,-10.0,472,456,127,11,21,12.0,0.0866141732283464,0.1653543307086614,0.0944881889763779
KOR-TWN,202411,140,4.503385959212932,-10.0,565,503,140,7,28,16.0,0.05,0.2,0.1142857142857142
KOR-TWN,202412,92,3.91687197247164,-10.0,418,413,92,1,25,3.0,0.0108695652173913,0.2717391304347826,0.0326086956521739
KOR-TWN,202501,223,3.289863651293121,-10.0,956,946,232,4,33,11.0,0.0179372197309417,0.147982062780269,0.0493273542600896
KOR-TWN,202502,84,2.921111112565969,-5.0,378,378,84,0,23,1.0,0.0,0.2738095238095238,0.0119047619047619
KOR-TWN,202503,136,4.830442678532501,-9.5,592,592,151,4,34,16.0,0.0294117647058823,0.25,0.1176470588235294
KOR-TWN,202504,162,4.615270434874378,-10.0,666,666,167,10,33,15.0,0.0617283950617283,0.2037037037037037,0.0925925925925925
KOR-TWN,202505,173,4.248739800354265,-9.5,664,647,176,3,56,20.0,0.0173410404624277,0.3236994219653179,0.1156069364161849
KOR-TWN,202506,80,3.31964592247922,-9.2,349,341,80,2,13,6.0,0.025,0.1625,0.075
KOR-TWN,202507,166,3.669345498251993,-10.0,777,745,166,2,33,10.0,0.0120481927710843,0.1987951807228915,0.0602409638554216
KOR-TWN,202508,166,3.758589724102545,-7.0,561,561,176,0,43,7.0,0.0,0.2590361445783132,0.0421686746987951
KOR-TWN,202509,107,4.725751571332137,-10.0,485,485,108,10,11,10.0,0.0934579439252336,0.102803738317757,0.0934579439252336
KOR-TWN,202510,291,3.354578486824877,-9.0,1047,1047,296,3,70,5.0,0.0103092783505154,0.2405498281786941,0.0171821305841924
KOR-TWN,202511,235,3.692234814701768,-10.0,984,926,235,3,55,6.0,0.0127659574468085,0.2340425531914893,0.025531914893617
KOR-TWN,202512,141,4.290229586958557,-10.0,561,559,141,6,36,10.0,0.0425531914893617,0.2553191489361702,0.0709219858156028
KOR-TWN,202602,114,3.6759907417661832,-10.0,487,487,120,2,31,8.0,0.017543859649122806,0.2719298245614035,0.07017543859649122
KOR-TWN,202603,181,4.456726591249088,-10.0,670,670,181,11,29,17.0,0.06077348066298342,0.16022099447513813,0.09392265193370165
KOR-TWN,202604,105,3.284572942395923,-6.5,395,387,105,0,29,2.0,0.0,0.2761904761904762,0.01904761904761905
KOR-TWN,202605,164,2.5969793915619577,-10.0,673,671,164,1,33,2.0,0.006097560975609756,0.20121951219512196,0.012195121951219513
KOR-TWN,202606,213,3.9071107816759922,-10.0,882,882,214,9,22,14.0,0.04225352112676056,0.10328638497652583,0.06572769953051644
KOR-TWN,202607,133,3.308878911909538,-10.0,588,588,133,1,28,11.0,0.007518796992481203,0.21052631578947367,0.08270676691729323
